"","drugname","Freq"
"1","",423
"2","10 WASH",1
"3","8-MOP",4
"4","A-B OTIC",1
"5","A-HYDROCORT",4
"6","A-METHAPRED",10
"7","A-SPAS-S/L",2
"8","A-TAN 12X",1
"9","ABER-FED",1
"10","ABILIFY",10
"11","ABILIFY DISCMELT",8
"12","ABSTRAL",24
"13","ACANYA",4
"14","ACARBOSE",9
"15","ACCOLATE",8
"16","ACCUHIST",1
"17","ACCUNEB",8
"18","ACCURETIC",8
"19","ACCUTANE",12
"20","ACCUZYME",5
"21","ACETADOTE",4
"22","ACETAMINOPH-CAFF-DIHYDROCODEIN",2
"23","ACETAMINOPHEN-CODEINE",8
"24","ACETASOL HC",2
"25","ACETAZOLAMIDE",6
"26","ACETAZOLAMIDE SODIUM",4
"27","ACETIC ACID",3
"28","ACETIC ACID-ALUMINUM",2
"29","ACETYLCYSTEINE",2
"30","ACID JELLY",2
"31","ACIDIC VAGINAL",2
"32","ACLOVATE",10
"33","ACTICIN",3
"34","ACTIGALL",6
"35","ACTIMMUNE",4
"36","ACTIVELLA",19
"37","ACTONEL",32
"38","ACTONEL WITH CALCIUM",4
"39","ACTOPLUS MET XR",4
"40","ACUFLEX",2
"41","ACULAR PF",2
"42","ACYCLOVIR",10
"43","ADAGEN",4
"44","ADALAT CC",17
"45","ADAPALENE",2
"46","ADDERALL",38
"47","ADOXA",10
"48","ADOXA PAK",20
"49","ADRENALIN CHLORIDE",4
"50","ADRIAMYCIN",16
"51","ADVANCED-RF NATALCARE",2
"52","ADVANCED NATALCARE",2
"53","ADVICOR",15
"54","AERO OTIC HC",1
"55","AEROBID",2
"56","AEROBID-M",3
"57","AEROHIST",1
"58","AEROHIST PLUS",1
"59","AEROKID",1
"60","AFEDITAB CR",4
"61","AGENERASE",2
"62","AGGRENOX",5
"63","AGRYLIN",2
"64","AH-CHEW",2
"65","AH-CHEW D",2
"66","AH-CHEW II",1
"67","AHIST",1
"68","AIRET",2
"69","AKINETON",2
"70","AKNE-MYCIN",5
"71","ALA-CORT",3
"72","ALACOL",1
"73","ALAGESIC LQ",2
"74","ALAMAST",4
"75","ALBALON",2
"76","ALBENZA",4
"77","ALBUTEROL",3
"78","ALBUTEROL SULFATE",14
"79","ALCET",2
"80","ALCOHOL IN DEXTROSE",6
"81","ALCOHOL SWABS",2
"82","ALDARA",4
"83","ALDEX",1
"84","ALDEX G",1
"85","ALDORIL-15",2
"86","ALDORIL-25",2
"87","ALDORIL-D30",2
"88","ALDORIL-D50",2
"89","ALENAZE-D",1
"90","ALENDRONATE SODIUM",7
"91","ALESSE-28",4
"92","ALI-FLEX",2
"93","ALKERAN",6
"94","ALLANENZYME",4
"95","ALLANFILLENZYME",4
"96","ALLANTAN",1
"97","ALLANVAN-S",1
"98","ALLEGRA",2
"99","ALLEGRA-D 12 HOUR",2
"100","ALLERGEN",2
"101","ALLERGY RELIEF",3
"102","ALLERSOL",2
"103","ALLERX",1
"104","ALLERX-D",1
"105","ALLFEN JR",1
"106","ALLOPURINOL",5
"107","ALLOPURINOL SODIUM",4
"108","ALOPRIM",2
"109","ALORA",18
"110","ALOXI",4
"111","ALPAIN",2
"112","ALPHATREX",2
"113","ALPRAZOLAM ER",2
"114","ALSUMA",2
"115","ALTABAX",2
"116","ALTACE",16
"117","ALTAFRIN",2
"118","ALTEX-PSE",1
"119","ALTOPREV",6
"120","ALUPENT",2
"121","AMANTADINE",1
"122","AMBI 40/1000",1
"123","AMBI 45/800",1
"124","AMBI 60-580",1
"125","AMBI 60/1000",1
"126","AMBI 80/700",1
"127","AMBI 80/780",1
"128","AMBIFED-G",1
"129","AMDRY-C",1
"130","AMDRY-D",1
"131","AMERICAINE",4
"132","AMERIFED",1
"133","AMETHIA",1
"134","AMEVIVE",6
"135","AMI-TEX LA",1
"136","AMI-TEX PSE",1
"137","AMIDAL",1
"138","AMIFOSTINE",6
"139","AMIGESIC",2
"140","AMIKACIN SULFATE",16
"141","AMIKIN",8
"142","AMILORIDE HCL W/HCTZ",1
"143","AMINATE WITH 90MG IRON",2
"144","AMINESS",4
"145","AMINO-CERV",1
"146","AMINO ACID CERVICAL",1
"147","AMINOPHYLLINE",14
"148","AMINOSYN",34
"149","AMINOSYN-HBC",6
"150","AMINOSYN-HF",4
"151","AMINOSYN-PF",12
"152","AMINOSYN-RF",4
"153","AMINOSYN II",22
"154","AMINOSYN II 3.5%-DEXTROSE 25%",4
"155","AMINOSYN II 3.5%-DEXTROSE 5%",4
"156","AMINOSYN II 3.5% M-DEXTROSE 5%",6
"157","AMINOSYN II 4.25%-DEXTROSE 25%",4
"158","AMINOSYN II 4.25% M-DEXT 10%",2
"159","AMINOSYN II 5% IN 25% DEXTROSE",4
"160","AMINOSYN II IN DEXTROSE",8
"161","AMINOSYN II W/ELEC IN DEX W/CA",4
"162","AMINOSYN II WITH LYTES-CA-DW",8
"163","AMINOSYN M",8
"164","AMINOSYN W/ELECTROLYTES",2
"165","AMINOSYN WITH ELECTROLYTES",6
"166","AMIODARONE HCL",10
"167","AMITRIPTYLINE-CHLORDIAZEPOXIDE",3
"168","AMITRIPTYLINE-PERPHENAZINE",4
"169","AMITRIPTYLINE HCL",2
"170","AMLODIPINE BESYLATE",1
"171","AMLODIPINE BESYLATE-BENAZEPRIL",6
"172","AMMONIUM CHLORIDE",4
"173","AMMONIUM LACTATE",10
"174","AMNESTEEM",2
"175","AMOX TR-POTASSIUM CLAVULANATE",16
"176","AMOXICILLIN",10
"177","AMOXIL",26
"178","AMPHETAMINE SALT COMBO",26
"179","AMPHOCIN",2
"180","AMPHOTEC",10
"181","AMPICILLIN-SULBACTAM",16
"182","AMPICILLIN SODIUM",22
"183","AMPICILLIN TRIHYDRATE",9
"184","AMRIX",6
"185","AMTURNIDE",10
"186","ANABAR",2
"187","ANACAINE",2
"188","ANADROL-50",6
"189","ANALPRAM HC",4
"190","ANAMANTLE HC",2
"191","ANAPROX",6
"192","ANAPROX DS",8
"193","ANASTROZOLE",2
"194","ANDEHIST",1
"195","ANDRODERM",12
"196","ANDROID",4
"197","ANDROXY",4
"198","ANEMAGEN OB",2
"199","ANESTACON",4
"200","ANEXSIA",8
"201","ANSAID",2
"202","ANTABUSE",12
"203","ANTARA",11
"204","ANTHRALIN",2
"205","ANTIBEN",2
"206","ANTIBIOTIC EAR SOLUTION",1
"207","ANTIBIOTIC EAR SUSPENSION",1
"208","ANTIPYRINE-BENZOCAINE",4
"209","ANTIPYRINE W/BENZOCAINE",1
"210","ANTIVERT",17
"211","ANTIZOL",6
"212","ANZEMET",6
"213","APEXICON",3
"214","APEXICON E",2
"215","APHTHASOL",3
"216","APLENZIN",16
"217","APOKYN",12
"218","APTIVUS",1
"219","AQUACHLORAL",4
"220","AQUATAB D",2
"221","ARALAST",6
"222","ARALAST NP",6
"223","ARALEN PHOSPHATE",4
"224","ARANESP",52
"225","ARBINOXA",4
"226","ARCAPTA NEOHALER",2
"227","AREDIA",16
"228","ARGATROBAN",2
"229","ARICEPT ODT",12
"230","ARISTOCORT",2
"231","ARISTOCORT A",8
"232","ARISTOSPAN",6
"233","ARIXTRA",24
"234","ARRANON",4
"235","ARZERRA",6
"236","ASA-BUTALB-CAFFEINE-CODEINE",2
"237","ASACOL",4
"238","ASACOL HD",4
"239","ASP 300/200/20",1
"240","ASPIRIN W/CODEINE",1
"241","ASPIRIN WITH CODEINE",3
"242","ASTELIN",5
"243","ASTEPRO",3
"244","ASTRAMORPH-PF",14
"245","ATABEX",2
"246","ATACAND",16
"247","ATACAND HCT",12
"248","ATAMET",5
"249","ATENOLOL",5
"250","ATENOLOL-CHLORTHALIDONE",5
"251","ATIVAN",6
"252","ATREZA",2
"253","ATROHIST",1
"254","ATROPINE CARE",2
"255","ATROPINE SULFATE",16
"256","ATROVENT",12
"257","ATTENUVAX VACCINE WITH DILUENT",4
"258","AUGMENTIN",37
"259","AUGMENTIN ES-600",6
"260","AUGMENTIN XR",5
"261","AUROBIOTIC-HC",2
"262","AURODEX EAR DROPS",2
"263","AUROGUARD",2
"264","AUROTHIOGLUCOSE",2
"265","AUROTO",2
"266","AUVI-Q",2
"267","AVALIDE",18
"268","AVANDAMET",34
"269","AVANDARYL",40
"270","AVANDIA",28
"271","AVAPRO",16
"272","AVAR",5
"273","AVAR-E",3
"274","AVELOX",4
"275","AVELOX ABC PACK",4
"276","AVELOX IV",6
"277","AVENTYL HCL",4
"278","AVINZA",44
"279","AVITA",4
"280","AVONEX ADMINISTRATION PACK",4
"281","AXERT",10
"282","AXID",13
"283","AZACTAM",8
"284","AZACTAM-ISO-OSMOTIC DEXTROSE",12
"285","AZACTAM/ISO-OSMOTIC DEXTROSE",2
"286","AZASITE",3
"287","AZATHIOPRINE SODIUM",4
"288","AZITHROMYCIN",14
"289","AZMACORT",3
"290","B-VEX",1
"291","B & O SUPPRETTES NO.15-A",2
"292","B & O SUPPRETTES NO.16-A",2
"293","BACIIM",6
"294","BACITRACIN",10
"295","BACITRACIN-POLYMYXIN",2
"296","BACLOFEN",5
"297","BACTROBAN",7
"298","BALACET 325",4
"299","BALAGAN",2
"300","BANCAP HC",2
"301","BAYGAM",2
"302","BE-FLEX PLUS",1
"303","BELLADONNA",2
"304","BEN-TANN",2
"305","BENADRYL",4
"306","BENAZEPRIL-HYDROCHLOROTHIAZIDE",3
"307","BENAZEPRIL HCL",4
"308","BENAZEPRIL HCL-HCTZ",1
"309","BENOQUIN",2
"310","BENTYL",18
"311","BENZAC AC",8
"312","BENZAC W 10",1
"313","BENZAC W 2.5",2
"314","BENZAC W 5",1
"315","BENZAC W WASH",2
"316","BENZACLIN",4
"317","BENZAGEL-10",1
"318","BENZAGEL-5",1
"319","BENZAGEL WASH",1
"320","BENZAMYCIN",4
"321","BENZAMYCINPAK",2
"322","BENZASHAVE",4
"323","BENZIQ",2
"324","BENZIQ LS",1
"325","BENZOTIC",2
"326","BENZOYL PEROXIDE",20
"327","BENZTROPINE MESYLATE",22
"328","BETA-VAL",4
"329","BETAGAN",3
"330","BETAMETHASONE DIPROPIONATE",4
"331","BETAPACE",20
"332","BETAPACE AF",9
"333","BETASERON",4
"334","BETAXOLOL HCL",4
"335","BETHANECHOL CHLORIDE",16
"336","BETIMOL",6
"337","BEXXAR",8
"338","BIAXIN",16
"339","BIAXIN XL",12
"340","BICILLIN C-R",4
"341","BICILLIN L-A",6
"342","BICITRA",2
"343","BICNU",4
"344","BIDHIST",1
"345","BIDHIST-D",1
"346","BIDIL",6
"347","BILTRICIDE",3
"348","BINORA",1
"349","BIO-STATIN",4
"350","BIO-THROID",18
"351","BIOHIST-LA",2
"352","BISOPROLOL FUMARATE-HCTZ",1
"353","BIVIGAM",2
"354","BLANEX-A",1
"355","BLENOXANE",4
"356","BLEOMYCIN SULFATE",4
"357","BLEPH-10",8
"358","BLEPHAMIDE",8
"359","BLEPHAMIDE S.O.P.",5
"360","BLOCADREN",6
"361","BONIVA",10
"362","BOROFAIR",3
"363","BPM",1
"364","BPM PSEUDO",1
"365","BRETHINE",14
"366","BREVICON",4
"367","BREVOXYL-4",4
"368","BREVOXYL-8",4
"369","BRIGHT BEGINNINGS PRENATAL",4
"370","BROFED",1
"371","BROMAXEFED RF",1
"372","BROMDAY",2
"373","BROMDEC",1
"374","BROMFED",3
"375","BROMFED-PD",2
"376","BROMFENAC SODIUM",1
"377","BROMFENEX",1
"378","BROMFENEX-PD",2
"379","BROMHIST",1
"380","BROMHIST-NR",1
"381","BROMPHENIRAMINE-PHENYLEPHRINE",1
"382","BROMPHENIRAMINE-PSEUDOEPHEDR",1
"383","BROMPHENIRAMINE TANNATE",2
"384","BRONCAP",2
"385","BRONCHOLATE",1
"386","BRONCODUR",2
"387","BRONCOMAR-1",2
"388","BRONDIL",2
"389","BROVEX",2
"390","BROVEX-D",1
"391","BROVEX CT",2
"392","BROVEX SR",1
"393","BUBBLI-PRED",2
"394","BUCALCIDE",2
"395","BUCALSEP",4
"396","BUDEPRION SR",8
"397","BUDEPRION XL",7
"398","BUMETANIDE",5
"399","BUMEX",10
"400","BUPAP",2
"401","BUPHENYL",4
"402","BUPROBAN",6
"403","BUPROPION HCL",1
"404","BUPROPION HCL SR",11
"405","BUPROPION XL",1
"406","BUSPAR",16
"407","BUSPIRONE HCL",12
"408","BUSULFEX",2
"409","BUTALB-CAFF-ACETAMINOPH-CODEIN",4
"410","BUTALBITAL-ACETAMINOPHEN-CAFFE",2
"411","BUTALBITAL COMPOUND-CODEINE",3
"412","BUTISOL SODIUM",8
"413","BUTORPHANOL TARTRATE",6
"414","BY-ACHE",2
"415","BYDUREON",2
"416","BYETTA",12
"417","C-HIST-SR",1
"418","C-PHED TANNATE",1
"419","C-PHEN DROPS",1
"420","C-PHEN SYRUP",1
"421","CADUET",12
"422","CAFERGOT",4
"423","CAFGESIC",2
"424","CAL-NATE",2
"425","CALAN",10
"426","CALAN SR",6
"427","CALCIJEX",4
"428","CALCITRIOL",12
"429","CALCIUM GLUCONATE",2
"430","CAMBIA",2
"431","CAMILA",3
"432","CAMPATH",6
"433","CAMPRAL",12
"434","CANASA",2
"435","CANTIL",3
"436","CAPASTAT SULFATE",4
"437","CAPHOSOL",2
"438","CAPITAL W-CODEINE",4
"439","CAPITROL",2
"440","CAPOTEN",17
"441","CAPOZIDE",12
"442","CAPTOPRIL-HYDROCHLOROTHIAZIDE",11
"443","CAPTOPRIL/HYDROCHLOROTHIAZIDE",1
"444","CARAC",4
"445","CARAFATE",2
"446","CARBAMAZEPINE",4
"447","CARBASTAT",2
"448","CARBIDOPA-LEVODOPA",12
"449","CARBINOXAMINE MALEATE",8
"450","CARBOPLATIN",36
"451","CARBOPTIC",2
"452","CARDEC",1
"453","CARDENE",4
"454","CARDENE I.V.",2
"455","CARDENE SR",14
"456","CARDIZEM",18
"457","CARDIZEM CD",23
"458","CARDIZEM LA",31
"459","CARENATE 600",1
"460","CARIMUNE",4
"461","CARIMUNE NF NANOFILTERED",6
"462","CARISOPRODOL",6
"463","CARISOPRODOL COMPOUND",4
"464","CARISOPRODOL COMPOUND-CODEINE",2
"465","CARMOL 40",6
"466","CARMOL HC",5
"467","CARMOL SCALP",4
"468","CARTEOLOL HCL",2
"469","CARTROL",6
"470","CASCARA SAGRADA",1
"471","CATAFLAM",6
"472","CATAPRES",18
"473","CATAPRES-TTS 2",2
"474","CAVAREST",2
"475","CAVIRINSE",1
"476","CEDAX",11
"477","CEENU",14
"478","CEFACLOR",17
"479","CEFADROXIL",6
"480","CEFAZOLIN SODIUM",24
"481","CEFEPIME HCL",8
"482","CEFIZOX",10
"483","CEFIZOX IN 5% DEXTROSE",8
"484","CEFOTAXIME SODIUM",16
"485","CEFOXITIN",20
"486","CEFPODOXIME PROXETIL",10
"487","CEFPROZIL",5
"488","CEFTAZIDIME",2
"489","CEFTIN",18
"490","CEFTRIAXONE",8
"491","CEFUROXIME",6
"492","CEFUROXIME AXETIL",6
"493","CEFUROXIME SODIUM",6
"494","CEFZIL",8
"495","CELESTONE",4
"496","CELEXA",4
"497","CENESTIN",20
"498","CENOGEN ULTRA",2
"499","CENTANY",2
"500","CENTEX-PSE",1
"501","CEPHALEXIN",7
"502","CEREBYX",6
"503","CEREDASE",6
"504","CEREZYME",4
"505","CERON",2
"506","CEROVEL",6
"507","CERUBIDINE",4
"508","CERVARIX",8
"509","CESAMET",8
"510","CESIA",3
"511","CETACORT",2
"512","CETIRIZINE HCL",6
"513","CHEMET",3
"514","CHENODAL",2
"515","CHLOR-MAL-PHENYLEPHRINE HCL",1
"516","CHLOR-MES JR",1
"517","CHLOR-PSEUDO SR",1
"518","CHLOR/PHENYLEPHRINE-TANNATE",1
"519","CHLORAL HYDRATE",3
"520","CHLOREX-A",1
"521","CHLOREX-A 12",1
"522","CHLORHEXIDINE FLAVOR",1
"523","CHLORHEXIDINE GLUCONATE",6
"524","CHLOROMYCETIN",2
"525","CHLOROQUINE PHOSPHATE",2
"526","CHLOROTHIAZIDE",2
"527","CHLORPHENIRAMINE MALEATE",2
"528","CHLORPROMAZINE HCL",2
"529","CHLORPROPAMIDE",4
"530","CHLORTHALIDONE",1
"531","CHLORZOXAZONE",8
"532","CHOLESTYRAMINE LIGHT",1
"533","CHOLINE MAG TRISALICYLATE",5
"534","CHOREX-10",2
"535","CICLOPIROX",12
"536","CILOSTAZOL",4
"537","CIMETIDINE",23
"538","CIPRO",18
"539","CIPRO I.V.",18
"540","CIPRO XR",4
"541","CIPROFLOXACIN",12
"542","CIPROFLOXACIN-D5W",4
"543","CIPROFLOXACIN ER",4
"544","CIPROFLOXACIN HCL",11
"545","CITALOPRAM HBR",8
"546","CITRACAL PRENATAL + DHA",2
"547","CITRACAL PRENATAL RX",2
"548","CITROLITH",2
"549","CLADRIBINE",6
"550","CLAFORAN",10
"551","CLAFORAN GALAXY",8
"552","CLARINEX",14
"553","CLARINEX-D 24 HOUR",4
"554","CLARITHROMYCIN",7
"555","CLARITHROMYCIN ER",5
"556","CLEARPLEX X",1
"557","CLEMASTINE FUMARATE",7
"558","CLENIA",4
"559","CLEOCIN PHOSPHATE",2
"560","CLEOCIN T",8
"561","CLINAC BPO",2
"562","CLINDAGEL",3
"563","CLINDAMAX",2
"564","CLINDAMYCIN HCL",3
"565","CLINDAMYCIN PHOSPHATE",12
"566","CLINDESSE",4
"567","CLINDETS",2
"568","CLINIMIX",20
"569","CLINIMIX E",16
"570","CLINORIL",6
"571","CLOBETASOL PROPIONATE",1
"572","CLOBEVATE",2
"573","CLODERM",6
"574","CLOLAR",4
"575","CLONAZEPAM",4
"576","CLONIDINE",9
"577","CLONIDINE HCL",5
"578","CLORPRES",9
"579","CLOTRIMAZOLE",2
"580","CLOTRIMAZOLE-BETAMETHASONE",1
"581","CLOZAPINE",14
"582","CLOZAPINE ODT",4
"583","CLOZARIL",8
"584","CO-GESIC",4
"585","CO-NATAL FA",2
"586","CODEINE PHOSPHATE",10
"587","CODEINE SULFATE",8
"588","CODIMAL-LA HALF",1
"589","CODIMAL LA",1
"590","COGENTIN",6
"591","COGNEX",16
"592","COL-PROBENECID",2
"593","COLCHICINE",4
"594","COLCRYS",2
"595","COLDAMINE",1
"596","COLDEX-A SR",1
"597","COLDMIST JR",2
"598","COLDMIST LA",1
"599","COLDMIST S",1
"600","COLESTID",2
"601","COLFED-A",1
"602","COLIDROPS",2
"603","COLISTIMETHATE SODIUM",2
"604","COLOCORT",3
"605","COLY-MYCIN M PARENTERAL",2
"606","COLY-MYCIN S",6
"607","COLYTE",4
"608","COLYTE WITH FLAVOR PACKETS",6
"609","COLYTROL",6
"610","COMBIVENT",3
"611","COMBIVIR",2
"612","COMBUNOX",4
"613","COMHIST",1
"614","COMPAZINE",8
"615","COMTAN",4
"616","COMVAX",4
"617","CONCERTA",8
"618","CONDYLOX",6
"619","CONEX",1
"620","CONPEC",1
"621","CONPEC LA",1
"622","CONSTULOSE",3
"623","CONTROL RX",2
"624","CONZIP",6
"625","COPAXONE",2
"626","COPD",2
"627","COPEGUS",4
"628","COPHENE NO.2 TR",1
"629","CORDARONE I.V.",2
"630","CORDRAN",8
"631","CORDRAN SP",2
"632","COREG CR",15
"633","CORGARD",22
"634","CORMAX",7
"635","CORTANE-B",4
"636","CORTENEMA",4
"637","CORTIC",2
"638","CORTIC-ND",2
"639","CORTIFOAM",4
"640","CORTISONE",2
"641","CORTISONE ACETATE",3
"642","CORTISPORIN",10
"643","CORTISPORIN-TC",4
"644","CORTOMYCIN",4
"645","CORZIDE",12
"646","COSMEGEN",4
"647","COSOPT",4
"648","COUMADIN",46
"649","COVERA-HS",8
"650","CPM 8-PE 20-MSC 1.25",1
"651","CPM 8-PSE 90-MSC 2.5",1
"652","CPM PSE",1
"653","CRANTEX",1
"654","CRANTEX ER",1
"655","CRANTEX LA",1
"656","CRANTEX LAC",1
"657","CREON 10",2
"658","CREON 20",2
"659","CREON 5",2
"660","CRESTOR",6
"661","CRESYLATE",2
"662","CRINONE",12
"663","CRIXIVAN",11
"664","CROLOM",4
"665","CROMOLYN SODIUM",1
"666","CRYSELLE",3
"667","CUPRIMINE",6
"668","CURAD GAUZE PADS",1
"669","CUTIVATE",22
"670","CUVPOSA",2
"671","CYCLESSA",4
"672","CYCLOBENZAPRINE HCL",8
"673","CYCLOCORT",6
"674","CYCLOPHOSPHAMIDE",8
"675","CYCLOSPORINE",16
"676","CYCLOSPORINE MODIFIED",12
"677","CYOTIC",1
"678","CYPROHEPTADINE HCL",8
"679","CYSTADANE",8
"680","CYSTOSPAZ",2
"681","CYSTOSPAZ-M",2
"682","CYTADREN",2
"683","CYTARABINE",10
"684","CYTOVENE",8
"685","CYTOXAN",16
"686","CYTOXAN LYOPHILIZED",4
"687","D-AMINE-SR",1
"688","D-FEDA II",1
"689","D-TANN",1
"690","DACOGEN",4
"691","DALLERGY",3
"692","DALLERGY-JR",2
"693","DANTRIUM",16
"694","DARAPRIM",6
"695","DARVOCET-N 100",8
"696","DARVOCET-N 50",8
"697","DARVOCET A500",8
"698","DARVON",8
"699","DARVON-N",6
"700","DARVON COMPOUND-65",4
"701","DAUNORUBICIN HCL",8
"702","DAUNOXOME",4
"703","DAYTRANA",20
"704","DDAVP",30
"705","DE-CONGESTINE TR",1
"706","DECADRON",4
"707","DECLOMYCIN",12
"708","DECON-A",2
"709","DECON-E",1
"710","DECONAMINE",2
"711","DECONAMINE SR",1
"712","DECONEX",1
"713","DECONGESTANT II",1
"714","DECONSAL II",1
"715","DEHISTINE",1
"716","DEL-AQUA-5",1
"717","DEL-BETA",3
"718","DELATESTRYL",4
"719","DELESTROGEN",8
"720","DELFLEX W/1.5% DEXTROSE",4
"721","DELFLEX W/2.5% DEXTROSE",4
"722","DELFLEX W/4.25% DEXTROSE",4
"723","DELFLEX WITH 1.5% DEXTROSE",2
"724","DELFLEX WITH 2.5% DEXTROSE",2
"725","DELFLEX WITH 4.25% DEXTROSE",2
"726","DELTASONE",2
"727","DELZICOL",1
"728","DEMADEX",19
"729","DEMECLOCYCLINE HCL",12
"730","DEMEROL",20
"731","DEMSER",2
"732","DEMULEN 1/35-28",2
"733","DEMULEN 1/50-28",2
"734","DENAVIR",8
"735","DENAZE",1
"736","DENTALL",1
"737","DEPACON",6
"738","DEPADE",4
"739","DEPAKENE",12
"740","DEPO-PROVERA",6
"741","DEPODUR",6
"742","DERMA-SMOOTHE-FS",6
"743","DERMATOP",4
"744","DERMOTIC",5
"745","DESAL-II",1
"746","DESIPRAMINE HCL",10
"747","DESMOPRESSIN ACETATE",12
"748","DESOGEN",4
"749","DESONATE",7
"750","DESOXYN",6
"751","DESPEC SR",1
"752","DESQUAM-E",4
"753","DESQUAM-X",5
"754","DESYREL",8
"755","DEXAMETHASONE SODIUM PHOSPHATE",2
"756","DEXAPHEN",1
"757","DEXASOL",2
"758","DEXASPORIN",3
"759","DEXCHLORPHENIRAMINE MALEATE",8
"760","DEXEDRINE",24
"761","DEXMETHYLPHENIDATE HCL",18
"762","DEXPAK",5
"763","DEXRAZOXANE",6
"764","DEXTROAMPHETAMINE SULFATE",12
"765","DEXTROSE 10%-1/4NS",2
"766","DEXTROSE 10%-1/4NS-KCL",4
"767","DEXTROSE 5%-1/2NS-KCL",16
"768","DEXTROSE 5%-1/3NS-KCL",12
"769","DEXTROSE 5%-1/4NS-KCL",28
"770","DEXTROSE 5%-ELECTROLYTE #75",4
"771","DEXTROSE 5%-NS-KCL",6
"772","DEXTROSE 5%-POTASSIUM CHLORIDE",24
"773","DEXTROSE IN LACTATED RINGERS",10
"774","DEXTROSE IN RINGERS INJECTION",2
"775","DEXTROSE IN WATER",8
"776","DEXTROSE W/ELECTROLYTE A",2
"777","DEXTROSE WITH SODIUM CHLORIDE",14
"778","DEXTROSTAT",4
"779","DG 200",2
"780","DHT",8
"781","DIABETA",13
"782","DIABINESE",4
"783","DIALYTE LM W/DEXTROSE 1.5%",2
"784","DIALYTE LM W/DEXTROSE 2.5%",4
"785","DIALYTE LM W/DEXTROSE 4.25%",2
"786","DIAMOX SEQUELS",6
"787","DIAZEPAM",8
"788","DICHLOROACETIC ACID",1
"789","DICLOFENAC SODIUM",15
"790","DICYCLOMINE HCL",6
"791","DIDANOSINE",6
"792","DIDRONEL",12
"793","DIFFERIN",4
"794","DIFIL-G",2
"795","DIFIL-G FORTE",2
"796","DIFLUCAN IN DEXTROSE",4
"797","DIFLUCAN IN SALINE",12
"798","DIFLUNISAL",2
"799","DIGITEK",3
"800","DIGOXIN",3
"801","DIHYDROERGOTAMINE MESYLATE",2
"802","DILACOR XR",12
"803","DILANTIN",4
"804","DILANTIN-125",1
"805","DILATRATE-SR",5
"806","DILAUDID",41
"807","DILAUDID-5",2
"808","DILAUDID-HP",8
"809","DILEX-G",4
"810","DILEX-G 400",2
"811","DILOR",6
"812","DILOR-G",2
"813","DILT-CD",5
"814","DILTIA XT",3
"815","DILTIAZEM 24HR CD",4
"816","DILTIAZEM 24HR ER",8
"817","DILTIAZEM ER",16
"818","DILTIAZEM HCL",10
"819","DILTZAC ER",4
"820","DIPENTUM",7
"821","DIPHENHYDRAMINE HCL",15
"822","DIPHENOXYLATE-ATROPINE",7
"823","DIPHENTANN-D",1
"824","DIPHTHERIA-TETANUS TOXOID",4
"825","DIPIVEFRIN HCL",3
"826","DIPROLENE",8
"827","DIPROLENE AF",6
"828","DIPYRIDAMOLE",12
"829","DISOPYRAMIDE PHOSPHATE",5
"830","DISPAS",2
"831","DISPERMOX",6
"832","DITROPAN",4
"833","DITROPAN XL",14
"834","DIURIL",2
"835","DIURIL SODIUM",6
"836","DIVALPROEX SODIUM",6
"837","DOCEFREZ",4
"838","DOLAGESIC",2
"839","DOLGIC PLUS",2
"840","DOLOBID",4
"841","DOLOGESIC",6
"842","DOLOPHINE HCL",2
"843","DOLOREX",4
"844","DOLOREX FORTE",2
"845","DOLOTIC",2
"846","DONATUSSIN",1
"847","DONEPEZIL HCL",8
"848","DORIBAX",6
"849","DORYX",16
"850","DORZOLAMIDE-TIMOLOL",2
"851","DOSTINEX",2
"852","DOVONEX",18
"853","DOXAZOSIN MESYLATE",6
"854","DOXEPIN HCL",8
"855","DOXIL",10
"856","DOXORUBICIN HCL",10
"857","DOXYCYCLINE",3
"858","DOXYCYCLINE HYCLATE",32
"859","DOXYCYCLINE MONOHYDRATE",8
"860","DREXOPHED",1
"861","DRIHIST SR",1
"862","DRITHO-SCALP",2
"863","DRIXOMED",1
"864","DRONABINOL",12
"865","DRYSEC",1
"866","DRYSOL",2
"867","DTIC-DOME IV",2
"868","DUAC",3
"869","DUET DHA EC STUARTNATAL",2
"870","DUET DHA STUARTNATAL",2
"871","DUET STUARTNATAL",4
"872","DUOMAX",1
"873","DUONATE-12",1
"874","DUONEB",8
"875","DUOTAN",1
"876","DUOTAN PD",2
"877","DURABAC",2
"878","DURABAC FORTE",1
"879","DURACLON",8
"880","DURADRYL",1
"881","DURAFED",1
"882","DURAGESIC",30
"883","DURAHIST",1
"884","DURAHIST D",2
"885","DURAHIST PE",1
"886","DURAMORPH",12
"887","DURAPHEN II",1
"888","DURASAL II",1
"889","DURATUSS",1
"890","DURATUSS GP",1
"891","DURAXIN",2
"892","DUREZOL",2
"893","DURICEF",8
"894","DUTOPROL",4
"895","DY-G LIQUID",2
"896","DYAZIDE",4
"897","DYFLEX-G",2
"898","DYGASE",2
"899","DYLIX",2
"900","DYNABAC",4
"901","DYNACIN",22
"902","DYNACIRC",4
"903","DYNACIRC CR",9
"904","DYNAHIST ER",1
"905","DYNEX",1
"906","DYPHYLLINE GG",6
"907","DYRENIUM",6
"908","DYTAN",2
"909","DYTAN-D",1
"910","DYTUSS",2
"911","E-MYCIN",2
"912","E.E.S. 200",2
"913","E.E.S. 400",6
"914","EAR-GESIC",1
"915","EASYGEL",1
"916","EC-NAPROSYN",6
"917","ECLIPSE SYRINGE",1
"918","ECONOPRED PLUS",2
"919","ED-BRON G",2
"920","ED-CHLOR-TAN",2
"921","ED-FLEX",2
"922","ED A-HIST",2
"923","ED CHLORPED",2
"924","ED DOXY-CAPS",2
"925","ED K+10",3
"926","EDARBYCLOR",4
"927","EDECRIN",4
"928","EFFEXOR",30
"929","EFUDEX",8
"930","EGRIFTA",4
"931","ELDEPRYL",6
"932","ELESTRIN",7
"933","ELIDEL",4
"934","ELIGARD",16
"935","ELIMITE",4
"936","ELIPHOS",2
"937","ELIXOPHYLLIN",4
"938","ELIXOPHYLLIN GG",2
"939","ELMIRON",4
"940","ELOCON",12
"941","ELOXATIN",10
"942","ELSPAR",8
"943","EMADINE",3
"944","EMBEDA",18
"945","EMBELINE",4
"946","EMBELINE E",1
"947","EMCIN CLEAR",2
"948","EMLA",12
"949","EMOQUETTE",1
"950","EMSAM",12
"951","ENABLEX",14
"952","ENALAPRIL-HYDROCHLOROTHIAZIDE",4
"953","ENALAPRIL MALEATE",13
"954","ENDOCET",8
"955","ENDODAN",4
"956","ENGERIX-B",20
"957","ENJUVIA",20
"958","ENLON-PLUS",2
"959","ENOXAPARIN SODIUM",30
"960","ENPRESSE",3
"961","ENTEX",1
"962","ENTEX ER",1
"963","ENTEX LA",2
"964","ENTEX PSE",2
"965","ENTOCORT EC",8
"966","ENULOSE",5
"967","ENZYCAP",2
"968","ENZYMAX",2
"969","EPHEDRINE SULFATE",2
"970","EPIFOAM",2
"971","EPINASTINE HCL",1
"972","EPINEPHRINE",13
"973","EPIRUBICIN HCL",12
"974","EPIVIR",6
"975","EPLERENONE",8
"976","EPOGEN",6
"977","EPZICOM",2
"978","EQUAGESIC",4
"979","EQUETRO",6
"980","ERAXIS (ALCOHOL DILUENT)",6
"981","ERGOLOID MESYLATES",2
"982","ERGOMAR",7
"983","ERGOTAMINE-CAFFEINE",6
"984","ERRIN",3
"985","ERTACZO",5
"986","ERWINAZE",2
"987","ERY",1
"988","ERY-TAB",9
"989","ERYC",2
"990","ERYDERM",2
"991","ERYGEL",2
"992","ERYPED",2
"993","ERYPED 200",4
"994","ERYPED 400",3
"995","ERYTHROCIN LACTOBIONATE",4
"996","ERYTHROCIN STEARATE",6
"997","ERYTHROMYCIN",9
"998","ERYTHROMYCIN-SULFISOXAZOLE",4
"999","ERYTHROMYCIN ETHYLSUCCINATE",7
"1000","ERYTHROMYCIN STEARATE",2
"1001","ESCITALOPRAM OXALATE",6
"1002","ESCLIM",10
"1003","ESGIC",2
"1004","ESGIC-PLUS",4
"1005","ESKALITH",2
"1006","ESKALITH CR",2
"1007","ESTRACE",8
"1008","ESTRADERM",10
"1009","ESTRADIOL",1
"1010","ESTRADIOL VALERATE",16
"1011","ESTRADIOL/TESTOSTERONE",2
"1012","ESTRASORB",6
"1013","ESTRO-5",2
"1014","ESTROPIPATE",13
"1015","ESTROSTEP FE",5
"1016","ETH-OXYDOSE",2
"1017","ETHAMBUTOL HCL",7
"1018","ETHEDENT",5
"1019","ETHEXDERM",2
"1020","ETHEZYME",2
"1021","ETHEZYME 830",2
"1022","ETHMOZINE",6
"1023","ETHOSUXIMIDE",4
"1024","ETHYOL",6
"1025","ETIDRONATE DISODIUM",4
"1026","ETODOLAC",9
"1027","ETOPOSIDE",6
"1028","EUDAL-SR",1
"1029","EURAX",4
"1030","EVAMIST",3
"1031","EVISTA",10
"1032","EVOCLIN",6
"1033","EXACTACAIN",2
"1034","EXALGO",8
"1035","EXEFEN-PD",1
"1036","EXELDERM",5
"1037","EXELON",4
"1038","EXETUSS",1
"1039","EXOTIC-HC",1
"1040","EXTENDRYL",1
"1041","EXTENDRYL JR",1
"1042","EXTENDRYL PSE",1
"1043","EXTENDRYL SR",1
"1044","EXTINA",4
"1045","EXUBERA COMBINATION PACK 15",2
"1046","EXUBERA KIT",2
"1047","FACTIVE",6
"1048","FAMOTIDINE",6
"1049","FAMVIR",8
"1050","FANSIDAR",4
"1051","FARESTON",6
"1052","FAZACLO",30
"1053","FELODIPINE ER",12
"1054","FEMCON FE",4
"1055","FEMHRT",4
"1056","FEMRING",10
"1057","FEMTRACE",11
"1058","FENOFIBRATE",14
"1059","FENOGLIDE",12
"1060","FENOPROFEN CALCIUM",1
"1061","FENTANYL",6
"1062","FENTANYL CITRATE",36
"1063","FENTORA",4
"1064","FEXMID",6
"1065","FEXOFENADINE HCL",13
"1066","FIBRICOR",4
"1067","FINACEA",8
"1068","FINASTERIDE",2
"1069","FIORICET",2
"1070","FIORICET WITH CODEINE",6
"1071","FIORINAL",2
"1072","FIORINAL WITH CODEINE #3",6
"1073","FIRMAGON",8
"1074","FIRST-HYDROCORTISONE",2
"1075","FIRST-PROGESTERONE MC 10",2
"1076","FIRST-PROGESTERONE MC 5",2
"1077","FIRST-PROGESTERONE VGS 100",2
"1078","FIRST-PROGESTERONE VGS 200",2
"1079","FIRST-PROGESTERONE VGS 50",2
"1080","FIRST-TESTOSTERONE",2
"1081","FIRST-TESTOSTERONE MC",2
"1082","FLAGYL",10
"1083","FLAGYL ER",3
"1084","FLEBOGAMMA",8
"1085","FLECAINIDE ACETATE",14
"1086","FLECTOR",6
"1087","FLEXERIL",8
"1088","FLEXTRA-650",2
"1089","FLEXTRA-DS",2
"1090","FLEXTRA PLUS",2
"1091","FLO-PRED",2
"1092","FLONASE",6
"1093","FLORINEF ACETATE",2
"1094","FLOVENT",2
"1095","FLOVENT ROTADISK",6
"1096","FLOXIN",12
"1097","FLUCONAZOLE",12
"1098","FLUCONAZOLE IN DEXTROSE",10
"1099","FLUCONAZOLE IN SALINE",4
"1100","FLUDARA",4
"1101","FLUDARABINE PHOSPHATE",4
"1102","FLUMADINE",2
"1103","FLUNISOLIDE",5
"1104","FLUOCINONIDE EMOLLIENT",2
"1105","FLUOR-A-DAY",5
"1106","FLUOR-OP",2
"1107","FLUORABON",1
"1108","FLUORITAB",2
"1109","FLUOROPLEX",6
"1110","FLUOROURACIL",6
"1111","FLUOXETINE HCL",19
"1112","FLUPHENAZINE DECANOATE",8
"1113","FLURA-DROPS",2
"1114","FLURAZEPAM HCL",2
"1115","FLURBIPROFEN",3
"1116","FLUTAMIDE",8
"1117","FLUTICASONE PROPIONATE",5
"1118","FLUVOXAMINE MALEATE",3
"1119","FML-S",2
"1120","FML S.O.P.",4
"1121","FOMEPIZOLE",4
"1122","FORADIL",6
"1123","FORFIVO XL",2
"1124","FORTAMET",10
"1125","FORTAZ",22
"1126","FORTAZ IN ISO-OSMOTIC DEXTROSE",8
"1127","FORTEO",2
"1128","FORTICAL",4
"1129","FOSAMAX",35
"1130","FOSCARNET SODIUM",6
"1131","FOSCAVIR",4
"1132","FOSINOPRIL-HYDROCHLOROTHIAZIDE",8
"1133","FOSINOPRIL SODIUM",13
"1134","FOSPHENYTOIN SODIUM",6
"1135","FOSRENOL",6
"1136","FRAGMIN",54
"1137","FREAMINE HBC",4
"1138","FREAMINE III",10
"1139","FREAMINE III W/ELECTROLYTES",2
"1140","FREAMINE III WITH ELECTROLYTES",4
"1141","FUDR",2
"1142","FULYZAQ",2
"1143","FUNGIZONE IV",2
"1144","FURADANTIN",4
"1145","FUROSEMIDE",10
"1146","FUZEON",3
"1147","G-P",1
"1148","G-PHED",1
"1149","G-PHED-PD",1
"1150","G P TEX",1
"1151","G/P 1200/60",1
"1152","GABAPENTIN",21
"1153","GABARONE",6
"1154","GABLOFEN",2
"1155","GALANTAMINE HBR",22
"1156","GAMMAGARD S-D",8
"1157","GAMMAR-P I.V.",4
"1158","GAMUNEX",8
"1159","GANCICLOVIR",8
"1160","GANIDIN NR",1
"1161","GANTRISIN",3
"1162","GARAMYCIN",2
"1163","GARDASIL",4
"1164","GASTROCROM",6
"1165","GAUZE BANDAGE",2
"1166","GEL-KAM",2
"1167","GELNIQUE",4
"1168","GEMCITABINE HCL",2
"1169","GEMFIBROZIL",2
"1170","GEMZAR",8
"1171","GENECAR",2
"1172","GENERESS FE",1
"1173","GENERIC ENTEX LA",1
"1174","GENEXOTIC HC",1
"1175","GENGRAF",12
"1176","GENOPTIC",3
"1177","GENTACIDIN",2
"1178","GENTAMICIN SULFATE",12
"1179","GENTAMICIN SULFATE IN NS",38
"1180","GENTASOL",3
"1181","GENTEX LA",1
"1182","GEOCILLIN",2
"1183","GFN 1,200-PHENYLEPHRINE 40",1
"1184","GFN 1200/PSE 50",1
"1185","GFN 550/PSE 60",1
"1186","GFN 595/PSE 48 TAB",1
"1187","GFN 600-PHENYLEPHRINE 20",1
"1188","GFN 600/PHENYLEPHRINE 40",1
"1189","GFN 795/PSE 85 TAB",1
"1190","GFN 800/PE 25",1
"1191","GFN 800/PSE 60",1
"1192","GFN/PSE",1
"1193","GIANVI",2
"1194","GIAZO",2
"1195","GILCHEW IR",1
"1196","GILDAGIA",1
"1197","GILPHEX TR",1
"1198","GLADASE",2
"1199","GLADASE-C",1
"1200","GLIMEPIRIDE",2
"1201","GLIPIZIDE",4
"1202","GLIPIZIDE-METFORMIN",3
"1203","GLIPIZIDE ER",1
"1204","GLIPIZIDE XL",5
"1205","GLUCOTROL",8
"1206","GLUCOTROL XL",14
"1207","GLUCOVANCE",18
"1208","GLUMETZA",6
"1209","GLYBURIDE-METFORMIN HCL",4
"1210","GLYCOLAX",1
"1211","GLYCOPYRROLATE",6
"1212","GLYCRON",12
"1213","GLYSET",12
"1214","GOLD SODIUM THIOMALATE",2
"1215","GOLYTELY",4
"1216","GORDO-UREA",2
"1217","GP-1200",1
"1218","GRALISE",2
"1219","GRANISETRON HCL",18
"1220","GRANISOL",6
"1221","GRANUL-DERM",1
"1222","GRANULEX",2
"1223","GRIFULVIN V",10
"1224","GRIPEX PE",1
"1225","GRIS-PEG",4
"1226","GRISEOFULVIN",4
"1227","GRISEOFULVIN ULTRAMICROSIZE",2
"1228","GUAIFED",1
"1229","GUAIFED-PD",1
"1230","GUAIFEN PSE",1
"1231","GUAIFENESIN",2
"1232","GUAIFENESIN-PHENYLEPHRINE",5
"1233","GUAIFENESIN-PSEUDOEPHEDRINE",10
"1234","GUAIFENESIN 600/PSE 120",1
"1235","GUAIFENESIN NR",2
"1236","GUAIFENESIN PSE",1
"1237","GUAIFENESIN W/PSEUDOEPHEDRINE",2
"1238","GUAIFENESIN/PSE",1
"1239","GUAIFENESIN/PSEUDOEPHEDRINE",1
"1240","GUAIFENEX GP",1
"1241","GUAIFENEX PSE",3
"1242","GUAIFENEX PSE 80",1
"1243","GUAIMAX-D",1
"1244","GUAIMIST S",1
"1245","GUAIPHEN-D",2
"1246","GUAIPHEN-PD",1
"1247","GUANABENZ ACETATE",4
"1248","GUANIDINE HCL",5
"1249","GUAPETEX",1
"1250","GUIADEX D",1
"1251","GUIADEX PD",1
"1252","GUIADRINE GP",1
"1253","GYNAZOLE-1",4
"1254","GYNAZOLE 1",1
"1255","GYNODIOL",12
"1256","H 9600 SR",1
"1257","H.P. ACTHAR",2
"1258","HALDOL",6
"1259","HALDOL DECANOATE 100",6
"1260","HALDOL DECANOATE 50",10
"1261","HALFLYTELY",1
"1262","HALFLYTELY-BISACODYL",4
"1263","HALFLYTELY WITH FLAVOR PACKS",2
"1264","HALOBETASOL PROPIONATE",8
"1265","HALOG",8
"1266","HALOPERIDOL DECANOATE",16
"1267","HALOPERIDOL LACTATE",4
"1268","HAVRIX",8
"1269","HC PRAMOXINE",2
"1270","HECTOROL",20
"1271","HELIDAC",3
"1272","HEMORRHOIDAL W/HC",1
"1273","HEPARIN FLUSH",2
"1274","HEPARIN SODIUM",18
"1275","HEPARIN SODIUM-D5W",10
"1276","HEPARIN SODIUM IN 5% DEXTROSE",6
"1277","HEPATAMINE",4
"1278","HEPATASOL",6
"1279","HERCEPTIN",4
"1280","HEXAFED",2
"1281","HEXAFLU",1
"1282","HEXALEN",6
"1283","HIBTITER",2
"1284","HIPREX",6
"1285","HISTA-VENT DA",1
"1286","HISTA-VENT PSE",1
"1287","HISTADE",1
"1288","HISTADE MX",1
"1289","HISTALET",1
"1290","HISTATAB PH",1
"1291","HISTEX",1
"1292","HISTEX SR",1
"1293","HIVID",2
"1294","HORIZANT",2
"1295","HUMALOG",6
"1296","HUMALOG MIX 50-50",4
"1297","HUMALOG MIX 75-25",4
"1298","HUMATIN",2
"1299","HUMATROPE",10
"1300","HUMIRA",2
"1301","HUMULIN 50-50",3
"1302","HUMULIN 70-30",8
"1303","HUMULIN N",8
"1304","HYCAMTIN",6
"1305","HYCET",5
"1306","HYDERGINE",2
"1307","HYDRA-ZIDE",6
"1308","HYDRALAZINE HCL",16
"1309","HYDROCET",2
"1310","HYDROCHLOROTHIAZIDE",10
"1311","HYDROCODONE-ACETAMINOPHEN",58
"1312","HYDROCODONE BIT-IBUPROFEN",2
"1313","HYDROCORTISONE",24
"1314","HYDROCORTISONE-ACETIC ACID",3
"1315","HYDROCORTISONE VALERATE",2
"1316","HYDROMORPHONE HCL",19
"1317","HYDROMORPHONE HCL/NS",10
"1318","HYDROXYCHLOROQUINE SULFATE",2
"1319","HYDROXYZINE HCL",38
"1320","HYDROXYZINE PAMOATE",2
"1321","HYFLEX-DS",2
"1322","HYOSCYAMINE",2
"1323","HYOSCYAMINE SULFATE",28
"1324","HYOSPAZ",2
"1325","HYPERCARE",1
"1326","HYPERLYTE",2
"1327","HYPERLYTE CR",2
"1328","HYPERLYTE R",2
"1329","HYTONE",4
"1330","HYTRIN",8
"1331","HYZINE",2
"1332","IB-STAT",2
"1333","IBUPROFEN",18
"1334","ICAR PRENATAL",2
"1335","IFEX",4
"1336","IFEX-MESNEX",2
"1337","IFEX/MESNEX",2
"1338","IFOSFAMIDE-MESNA",12
"1339","ILARIS",2
"1340","ILETIN II LENTE(PORK)",2
"1341","IMDUR",14
"1342","IMIPENEM-CILASTATIN SODIUM",6
"1343","IMITREX",8
"1344","IMMUNE GLOBULIN",2
"1345","IMPLANON",2
"1346","IMURAN",6
"1347","INATAL ADVANCE",2
"1348","INATAL GT",2
"1349","INATAL ULTRA",2
"1350","INCIVEK",2
"1351","INDERAL",10
"1352","INDERAL LA",8
"1353","INDERIDE-40/25",2
"1354","INDOCIN",6
"1355","INDOCIN I.V.",2
"1356","INDOCIN SR",4
"1357","INDOMETHACIN",6
"1358","INFANRIX",4
"1359","INFERGEN",14
"1360","INFLAMASE FORTE",2
"1361","INFLAMASE MILD",2
"1362","INFUMORPH",12
"1363","INNOHEP",8
"1364","INNOPRAN XL",10
"1365","INPERSOL-LM W/1.5% DEXTROSE",2
"1366","INPERSOL WITH 1.5% DEXTROSE",2
"1367","INPERSOL WITH 4.25% DEXTROSE",2
"1368","INSULIN PEN NEEDLE",2
"1369","INSULIN SYRINGE",11
"1370","INSULIN SYRINGE ULTRA FINE II",2
"1371","INTAL",8
"1372","INTERMEZZO",4
"1373","INTRALIPID",6
"1374","INTRON A",36
"1375","INTROVALE",2
"1376","INVERSINE",2
"1377","INVIRASE",6
"1378","IOFED",1
"1379","IONOSOL B WITH DEXTROSE 5%",4
"1380","IONOSOL T-DEXTROSE 5%",6
"1381","IOPHEN NR",1
"1382","IOPIDINE",4
"1383","IOSAL II",1
"1384","IOTEX PSE",1
"1385","IPLEX",4
"1386","IPRATROPIUM-ALBUTEROL",10
"1387","IPRATROPIUM BROMIDE",12
"1388","IQUIX",3
"1389","IRBESARTAN",3
"1390","IRBESARTAN-HYDROCHLOROTHIAZIDE",3
"1391","ISMO",6
"1392","ISMOTIC",2
"1393","ISOCHRON",4
"1394","ISOLYTE E",2
"1395","ISOLYTE H WITH DEXTROSE",4
"1396","ISOLYTE M WITH DEXTROSE",4
"1397","ISOLYTE R W/DEXTROSE",2
"1398","ISOLYTE S WITH DEXTROSE",6
"1399","ISONARIF",3
"1400","ISONIAZID",3
"1401","ISOPTIN SR",24
"1402","ISOPTO ATROPINE",2
"1403","ISOPTO CARBACHOL",2
"1404","ISOPTO HOMATROPINE",2
"1405","ISORDIL",7
"1406","ISORDIL TITRADOSE",2
"1407","ISOSORBIDE DINITRATE",16
"1408","ISOSORBIDE MONONITRATE",7
"1409","ISRADIPINE",4
"1410","ISTALOL",3
"1411","IVEEGAM EN",2
"1412","IXEMPRA",6
"1413","J-MAX",2
"1414","J-TAN",2
"1415","J-TAN D",1
"1416","JAY-PHYL",2
"1417","JE-VAX",6
"1418","JOLIVETTE",3
"1419","JUVISYNC",12
"1420","K-DUR",4
"1421","K-LOR",2
"1422","K-LYTE",2
"1423","K-LYTE-CL",4
"1424","K-LYTE DS",2
"1425","K-PHOS M.F.",2
"1426","K-TAN",1
"1427","K-TAN 4",1
"1428","K EFFERVESCENT",2
"1429","K+ POTASSIUM",1
"1430","KADIAN",62
"1431","KALETRA",1
"1432","KANAMYCIN SULFATE",4
"1433","KAOCHLOR",2
"1434","KAON",2
"1435","KAON-CL",2
"1436","KAON-CL 10",3
"1437","KAPIDEX",8
"1438","KAPVAY",2
"1439","KARIDIUM",1
"1440","KARIGEL",1
"1441","KARIGEL/N",2
"1442","KAY CIEL",2
"1443","KAYEXALATE",4
"1444","KEFLEX",29
"1445","KEMADRIN",2
"1446","KENALOG",10
"1447","KENALOG-10",2
"1448","KENALOG IN ORABASE",2
"1449","KEPIVANCE",6
"1450","KEPPRA",6
"1451","KERALAC",10
"1452","KERATOL 40",6
"1453","KERATOL HC",2
"1454","KERLONE",8
"1455","KESTRONE-5",2
"1456","KETEK",8
"1457","KETEK PAK",2
"1458","KETOCONAZOLE",4
"1459","KETOPROFEN",4
"1460","KETOROLAC TROMETHAMINE",22
"1461","KEY-PRED",2
"1462","KEY-PRED 25",2
"1463","KINERET",6
"1464","KIONEX",3
"1465","KLARON",6
"1466","KLOR-CON",3
"1467","KLOR-CON-EF",2
"1468","KLOR-CON 10",2
"1469","KLOR-CON 8",2
"1470","KLOR-CON M10",2
"1471","KLOR-CON M15",3
"1472","KLOR-CON M20",3
"1473","KLOTRIX",2
"1474","KOMBIGLYZE XR",6
"1475","KOVIA 6.5",2
"1476","KOVIA OINTMENT",1
"1477","KRISTALOSE",4
"1478","KRONOFED-A",1
"1479","KRONOFED-A-JR",1
"1480","KU-ZYME",2
"1481","KU-ZYME HP",2
"1482","KURIC",2
"1483","KUTRASE",2
"1484","KYTRIL",18
"1485","LABETALOL HCL",5
"1486","LAC-HYDRIN",6
"1487","LACRISERT",5
"1488","LACTATED RINGERS",2
"1489","LACTIC ACID",5
"1490","LACTICARE-HC",6
"1491","LACTINOL",2
"1492","LACTINOL-E",2
"1493","LACTREX",2
"1494","LACTULOSE",4
"1495","LAGESIC",2
"1496","LAMISIL",20
"1497","LAMIVUDINE-ZIDOVUDINE",1
"1498","LAMOTRIGINE",16
"1499","LANOXICAPS",4
"1500","LANOXIN",18
"1501","LANOXIN PEDIATRIC",4
"1502","LANSOPRAZOLE",8
"1503","LAPASE",2
"1504","LARIAM",4
"1505","LASIX",18
"1506","LATANOPROST",1
"1507","LAZANDA",4
"1508","LEENA",3
"1509","LEFLUNOMIDE",12
"1510","LESCOL",4
"1511","LEUCOVORIN CALCIUM",8
"1512","LEUKERAN",4
"1513","LEUKINE",14
"1514","LEUPROLIDE ACETATE",16
"1515","LEUSTATIN",4
"1516","LEV/PSE/GG",1
"1517","LEVACET",2
"1518","LEVALL G",1
"1519","LEVAQUIN",35
"1520","LEVATOL",5
"1521","LEVBID",2
"1522","LEVEMIR FLEXPEN",4
"1523","LEVETIRACETAM",12
"1524","LEVLEN 28",4
"1525","LEVLITE-28",4
"1526","LEVO-DROMORAN",6
"1527","LEVOBUNOLOL HCL",4
"1528","LEVOCARNITINE",4
"1529","LEVOFLOXACIN",1
"1530","LEVORA-28",3
"1531","LEVORPHANOL TARTRATE",3
"1532","LEVOTHROID",68
"1533","LEVOTHYROXINE SODIUM",4
"1534","LEVOXYL",12
"1535","LEVSIN",8
"1536","LEVSIN-SL",2
"1537","LEVSINEX",2
"1538","LEXAPRO",4
"1539","LEXIVA",4
"1540","LEXXEL",3
"1541","LIDAMANTLE",4
"1542","LIDAMANTLE HC",4
"1543","LIDAZONE HC",4
"1544","LIDEX",8
"1545","LIDEX-E",2
"1546","LIDOCAINE-HYDROCORTISONE",4
"1547","LIDOCAINE-PRILOCAINE",2
"1548","LIDOCAINE HCL",31
"1549","LIDOCAINE HCL VISCOUS",2
"1550","LIDOMAR VISCOUS",2
"1551","LIMBITROL",4
"1552","LIMBITROL DS",2
"1553","LINDANE",8
"1554","LIORESAL INTRATHECAL",6
"1555","LIOTHYRONINE SODIUM",6
"1556","LIPOSYN II",16
"1557","LIPOSYN III",24
"1558","LIPRAM",3
"1559","LIPRAM-CR 10",2
"1560","LIPRAM-CR20",2
"1561","LIPRAM-CR5",2
"1562","LIPRAM-PN10",3
"1563","LIPRAM-PN16",3
"1564","LIPRAM-PN20",3
"1565","LIPRAM-UL12",3
"1566","LIPRAM-UL18",3
"1567","LIPRAM-UL20",3
"1568","LIQUADD",4
"1569","LIQUIBID",1
"1570","LIQUIBID-D 1200",1
"1571","LIQUIBID-PD",1
"1572","LISINOPRIL",6
"1573","LISINOPRIL-HYDROCHLOROTHIAZIDE",3
"1574","LITHIUM CARBONATE",2
"1575","LITHOBID",4
"1576","LO-OVRAL-28",6
"1577","LO-OVRAL-8",2
"1578","LOCOID",17
"1579","LOCOID LIPOCREAM",8
"1580","LODOSYN",3
"1581","LODRANE",4
"1582","LODRANE 24",2
"1583","LODRANE D",1
"1584","LODRANE LD",1
"1585","LODRANE XR",2
"1586","LOESTRIN",12
"1587","LOESTRIN 24 FE",4
"1588","LOESTRIN FE",12
"1589","LOFIBRA",20
"1590","LOHIST-LQ",1
"1591","LOHIST-PD",1
"1592","LOHIST 12D",2
"1593","LOHIST 12HR",1
"1594","LOKARA",3
"1595","LOMOTIL",4
"1596","LONOX",6
"1597","LOPRESSOR",6
"1598","LOPRESSOR HCT",8
"1599","LOPROX",8
"1600","LORABID",8
"1601","LORAZEPAM",2
"1602","LORCET 10-650",6
"1603","LORCET HD",2
"1604","LORCET PLUS",6
"1605","LORTAB",26
"1606","LORYNA",1
"1607","LOSARTAN POTASSIUM",6
"1608","LOTENSIN",24
"1609","LOTENSIN HCT",6
"1610","LOTREL",12
"1611","LOTRISONE",8
"1612","LOTRONEX",8
"1613","LOVASTATIN",11
"1614","LOVAZA",4
"1615","LOW-OGESTREL",3
"1616","LOXAPINE",5
"1617","LOXITANE",16
"1618","LOZI-FLUR",1
"1619","LOZOL",4
"1620","LUFYLLIN",6
"1621","LUFYLLIN-GG",4
"1622","LUMIGAN",6
"1623","LUPRON",6
"1624","LUPRON DEPOT",20
"1625","LUPRON DEPOT-PED",10
"1626","LURIDE",4
"1627","LUSONAL",1
"1628","LUSONEX",1
"1629","LUSONEX PLUS",1
"1630","LUTERA",3
"1631","LUVOX CR",10
"1632","LUXIQ",8
"1633","LYBREL",4
"1634","LYNOX",8
"1635","LYPHOLYTE",2
"1636","LYPHOLYTE-II",2
"1637","LYSTEDA",2
"1638","M-M-R II",2
"1639","M-M-R II VACCINE",4
"1640","M-R-VAX II VACCINE W/DILUENT",2
"1641","M-VIT",1
"1642","MACROBID",4
"1643","MACRODANTIN",4
"1644","MAG-PHEN",1
"1645","MAGAN",2
"1646","MAGNACET",39
"1647","MAGNESIUM SULFATE",2
"1648","MAGNESIUM SULFATE-D5W",2
"1649","MAGSAL",1
"1650","MALATHION",2
"1651","MALDEMAR",2
"1652","MANDELAMINE",4
"1653","MANDOL IN DEXTROSE",2
"1654","MAPROTILINE HCL",12
"1655","MAR-SPAS",2
"1656","MARGESIC H",4
"1657","MARINOL",14
"1658","MARNATAL-F PLUS",1
"1659","MARPLAN",2
"1660","MATERNITY",2
"1661","MATULANE",4
"1662","MAVIK",12
"1663","MAXAIR AUTOHALER",5
"1664","MAXALT",2
"1665","MAXALT MLT",7
"1666","MAXIDONE",8
"1667","MAXIFED",1
"1668","MAXIFED-G",1
"1669","MAXIFLOR",2
"1670","MAXIPHEN",1
"1671","MAXIPHEN G",1
"1672","MAXIPIME",22
"1673","MAXITROL",4
"1674","MAXZIDE",6
"1675","MAXZIDE-25 MG",6
"1676","MAXZIDE-25MG",2
"1677","MEBENDAZOLE",2
"1678","MECLIZINE HCL",8
"1679","MEDENT LD",1
"1680","MEDROL",4
"1681","MEDROXYPROGESTERONE ACETATE",7
"1682","MEFOXIN",14
"1683","MEGACE",6
"1684","MEGACE ES",6
"1685","MEGESTROL ACETATE",6
"1686","MELOXICAM",11
"1687","MENOMUNE-A-C-Y-W-135",4
"1688","MENTAX",2
"1689","MENVEO A-C-Y-W-135-DIP",2
"1690","MEPERIDINE HCL",62
"1691","MEPERIDINE HCL/NS",6
"1692","MEPERITAB",4
"1693","MEPROBAMATE",16
"1694","MERREM",10
"1695","MERUVAX II VACCINE W-DILUENT",4
"1696","MERUVAX II VACCINE W/DILUENT",2
"1697","MESALAMINE",4
"1698","MESNA",8
"1699","MESNEX",6
"1700","MESTINON",2
"1701","METADATE CD",48
"1702","METADATE ER",10
"1703","METAGLIP",18
"1704","METAPROTERENOL SULFATE",20
"1705","METFORMIN HCL",12
"1706","METFORMIN HCL ER",9
"1707","METHADONE HCL",10
"1708","METHAMPHETAMINE HCL",2
"1709","METHENAMINE HIPPURATE",3
"1710","METHENAMINE MANDELATE",2
"1711","METHERGINE",4
"1712","METHIMAZOLE",7
"1713","METHOCARBAMOL",14
"1714","METHOTREXATE",6
"1715","METHSCOPOLAMINE BROMIDE",8
"1716","METHYLIN",42
"1717","METHYLIN ER",12
"1718","METHYLPHENIDATE ER",6
"1719","METHYLPHENIDATE ER-LA",6
"1720","METHYLPHENIDATE HCL",16
"1721","METHYLPREDNISOLONE",10
"1722","METHYLPREDNISOLONE SOD SUCC",8
"1723","METIPRANOLOL",2
"1724","METOCLOPRAMIDE HCL",22
"1725","METOLAZONE",3
"1726","METOPROLOL SUCCINATE",9
"1727","METOPROLOL TARTRATE",12
"1728","METOZOLV ODT",2
"1729","METROGEL",2
"1730","METROGEL-VAGINAL",7
"1731","METRONIDAZOLE",12
"1732","MEVACOR",16
"1733","MEXAR",2
"1734","MEXITIL",4
"1735","MHP-A",2
"1736","MIACALCIN",4
"1737","MICONAZOLE 3",2
"1738","MICRO-K",8
"1739","MICROGESTIN",8
"1740","MICROGESTIN FE",8
"1741","MICRONASE",6
"1742","MICROZIDE",4
"1743","MIDAMOR",2
"1744","MIDODRINE HCL",2
"1745","MILLIPRED",5
"1746","MIMYX",2
"1747","MINDAL",1
"1748","MINIRIN",2
"1749","MINITRAN",20
"1750","MINIZIDE 1",2
"1751","MINIZIDE 2",2
"1752","MINIZIDE 5",2
"1753","MINOCIN",14
"1754","MINOCYCLINE HCL",18
"1755","MINTAB",1
"1756","MINTAB D",1
"1757","MINTEX",1
"1758","MINTEZOL",4
"1759","MIRALAX",3
"1760","MIRAPEX",10
"1761","MIRAPHEN PSE",1
"1762","MIRCETTE",2
"1763","MIRTAZAPINE",7
"1764","MISOPROSTOL",6
"1765","MITOMYCIN",4
"1766","MITOXANTRONE HCL",2
"1767","MOBAN",16
"1768","MOBIC",4
"1769","MODICON",8
"1770","MODURETIC",2
"1771","MOEXIPRIL-HYDROCHLOROTHIAZIDE",9
"1772","MOEXIPRIL HCL",7
"1773","MOMETASONE FUROATE",3
"1774","MONISTAT-DERM",2
"1775","MONISTAT 3",2
"1776","MONISTAT 7",1
"1777","MONODOX",4
"1778","MONOKET",10
"1779","MONONESSA",3
"1780","MONOPRIL",18
"1781","MONOPRIL HCT",8
"1782","MONTEPHEN",1
"1783","MONUROL",4
"1784","MORPHINE SULF/D5W",4
"1785","MORPHINE SULF/NS",2
"1786","MORPHINE SULFATE",61
"1787","MORPHINE SULFATE ER",17
"1788","MORPHINE SULFATE IN DEXTROSE",4
"1789","MORPHINE SULFATE/D5W",4
"1790","MORPHINE SULFATE/NS",8
"1791","MOTOFEN",6
"1792","MOTRIN",10
"1793","MOXATAG",6
"1794","MOXEZA",1
"1795","MS CONTIN",36
"1796","MS/L",2
"1797","MST 600",2
"1798","MUCOMYST-10",2
"1799","MULTI-VITA BETS-FLUORIDE",3
"1800","MULTI-VITAMIN",1
"1801","MULTI VITAMINS WITH FLUORIDE",3
"1802","MULTILYTE-20",2
"1803","MULTILYTE-40",2
"1804","MULTIVITAMIN W/FLUORIDE & IRON",3
"1805","MULTIVITAMINS W-FLUORIDE-IRON",4
"1806","MULTIVITAMINS W/FLUORIDE",6
"1807","MULTIVITAMINS WITH FLUORIDE",11
"1808","MULTIVITAMINS/FLUORIDE/IRON",1
"1809","MUMPSVAX VACCINE W-DILUENT",2
"1810","MUMPSVAX VACCINE W/DILUENT",2
"1811","MUSTARGEN",6
"1812","MUTAMYCIN",6
"1813","MYAMBUTOL",6
"1814","MYCELEX",2
"1815","MYCOSTATIN",6
"1816","MYDFRIN",2
"1817","MYDRAL",8
"1818","MYDRIACYL",2
"1819","MYNATAL",4
"1820","MYNATAL-Z",2
"1821","MYNATAL ADVANCE",2
"1822","MYNATAL PLUS",2
"1823","MYNATE 90 PLUS",2
"1824","MYOBLOC",2
"1825","MYOCHRYSINE",2
"1826","MYOGESIC",1
"1827","MYOPHEN",2
"1828","MYOZYME",4
"1829","MYTELASE",3
"1830","MYTREX",2
"1831","NABUMETONE",4
"1832","NADOLOL",12
"1833","NADOLOL-BENDROFLUMETHIAZIDE",6
"1834","NAFCILLIN SODIUM",6
"1835","NAFTIN",18
"1836","NALEX",1
"1837","NALEX-A",2
"1838","NALEX A 12",1
"1839","NALFON",3
"1840","NALOXONE HCL",4
"1841","NALTREXONE HCL",2
"1842","NANDROLONE DECANOATE",6
"1843","NAPHAZOLE",1
"1844","NAPHAZOLINE HCL",6
"1845","NAPRELAN",19
"1846","NAPROSYN",16
"1847","NAPROXEN",11
"1848","NAPROXEN SODIUM",6
"1849","NARATRIPTAN HCL",2
"1850","NARCAN",2
"1851","NARVOX",2
"1852","NASACORT AQ",6
"1853","NASAREL",4
"1854","NASATAB LA",1
"1855","NASEX",1
"1856","NASEX-G",1
"1857","NASONEX",4
"1858","NASOP",2
"1859","NATACAPS",2
"1860","NATACHEW",2
"1861","NATAFOLIC-PN",2
"1862","NATAFORT",2
"1863","NATALCARE",2
"1864","NATALCARE CFE",2
"1865","NATALCARE PIC",2
"1866","NATALCARE PIC FORTE",2
"1867","NATALCARE PLUS",2
"1868","NATALCARE RX",2
"1869","NATALCARE THREE",2
"1870","NATALVIT",2
"1871","NATATAB",2
"1872","NATATAB CFE",2
"1873","NATATAB FA",2
"1874","NATELLE",2
"1875","NATELLE-EZ",2
"1876","NATELLE C",2
"1877","NATELLE PREFER",2
"1878","NATURE-THROID",8
"1879","NATURETIN-5",2
"1880","NAVANE",16
"1881","NAVELBINE",2
"1882","ND-GESIC",1
"1883","ND-STAT",2
"1884","NEBCIN",8
"1885","NECON",17
"1886","NEFAZODONE HCL",16
"1887","NEGGRAM",4
"1888","NEO-SYNEPHRINE",2
"1889","NEOBENZ MICRO",2
"1890","NEOCIN-PG",1
"1891","NEOFRIN",2
"1892","NEOMYCIN-BACITRACIN-POLY-HC",3
"1893","NEOMYCIN-BACITRACIN-POLYMYXIN",3
"1894","NEOMYCIN-POLYMYXIN-DEXAMETH",5
"1895","NEOMYCIN-POLYMYXIN-GRAMICIDIN",4
"1896","NEOMYCIN-POLYMYXIN-HC",1
"1897","NEOMYCIN-POLYMYXIN-HYDROCORT",2
"1898","NEOPROFEN",2
"1899","NEOSOL",2
"1900","NEOSTIGMINE BROMIDE",2
"1901","NEOSTIGMINE METHYLSULFATE",4
"1902","NEPHRAMINE",4
"1903","NESCON-PD",1
"1904","NESTABS CBF",2
"1905","NESTABS FA",2
"1906","NESTABS RX",2
"1907","NEUMEGA",6
"1908","NEUPRO",6
"1909","NEUTRAGARD ADVANCED",1
"1910","NEUTREXIN",6
"1911","NEXAVAR",2
"1912","NEXIUM I.V.",4
"1913","NEXT CHOICE",2
"1914","NIACOR",3
"1915","NIASPAN",12
"1916","NICARDIPINE HCL",8
"1917","NICOTINE PATCH",8
"1918","NICOTROL",2
"1919","NICOTROL NS",2
"1920","NIFEDIAC CC",8
"1921","NIFEDICAL XL",4
"1922","NIFEDIPINE",2
"1923","NIFEDIPINE ER",11
"1924","NIFEREX-PN",1
"1925","NIFEREX-PN FORTE",2
"1926","NILANDRON",4
"1927","NIMODIPINE",6
"1928","NIPENT",2
"1929","NIRAVAM",8
"1930","NITREK",6
"1931","NITRO-BID",4
"1932","NITRO-DUR",14
"1933","NITROFURANTOIN",2
"1934","NITROGARD",2
"1935","NITROGLYCERIN",13
"1936","NITROGLYCERIN PATCH",21
"1937","NITROLINGUAL",4
"1938","NITROQUICK",3
"1939","NIZATIDINE",5
"1940","NIZORAL",6
"1941","NOHIST",1
"1942","NOHIST-A",1
"1943","NOHIST-EXT",1
"1944","NOR-Q-D",6
"1945","NORCO",20
"1946","NORDETTE-28",4
"1947","NORDETTE-8",2
"1948","NORDITROPIN",8
"1949","NOREL SD",1
"1950","NOREL SR",1
"1951","NORFLEX",6
"1952","NORGESIC FORTE",2
"1953","NORINYL 1+35",4
"1954","NORINYL 1+50",3
"1955","NORITATE",3
"1956","NORMOSOL-R AND DEXTROSE",6
"1957","NORMOSOL-R PH 7.4",4
"1958","NOROXIN",4
"1959","NORPRAMIN",36
"1960","NORTRIPTYLINE HCL",5
"1961","NOVAGESIC",2
"1962","NOVAMINE",6
"1963","NOVANATAL",2
"1964","NOVANTRONE",4
"1965","NOVAREL",6
"1966","NOVASAL",2
"1967","NOVASTART",4
"1968","NOVOLIN 70-30",5
"1969","NOVOLIN 70-30 INNOLET",6
"1970","NOVOLIN N",6
"1971","NOVOLIN N INNOLET",6
"1972","NOVOLIN R",15
"1973","NOVOLOG MIX 70-30",2
"1974","NU-NATAL ADVANCED",2
"1975","NUBAIN",4
"1976","NUHIST",1
"1977","NULEV",2
"1978","NULYTELY",4
"1979","NULYTELY WITH FLAVOR PACKS",3
"1980","NUMOBID",1
"1981","NUMONYL",1
"1982","NUMONYL PEDIATRIC",1
"1983","NUMONYL SR",1
"1984","NUMORPHAN",6
"1985","NUTRACARE",1
"1986","NUTRACORT",2
"1987","NUTRESTORE",1
"1988","NUTRILYTE II",2
"1989","NUTRINATE",2
"1990","NUTRISPIRE",1
"1991","NUTROPIN",12
"1992","NUTROPIN AQ",16
"1993","NY-TANNIC",1
"1994","NYDRAZID",2
"1995","NYSTATIN",11
"1996","NYSTATIN-TRIAMCINOLONE",3
"1997","O-CAL PRENATAL",2
"1998","OBSTETRIX-100",1
"1999","OBSTETRIX EC",2
"2000","OBTREX",2
"2001","OCTAGAM",10
"2002","OCUSULF-10",3
"2003","OCUTRICIN",1
"2004","OFLOXACIN",12
"2005","OGEN",12
"2006","OGESTREL",3
"2007","OLANZAPINE",12
"2008","OLUX",2
"2009","OLUX-E",4
"2010","OMACOR",4
"2011","OMECLAMOX-PAK",1
"2012","OMEDIA OTIC",2
"2013","OMEPRAZOLE",8
"2014","OMEPRAZOLE-SODIUM BICARBONATE",4
"2015","OMNICEF",14
"2016","OMNIHIST II LA",1
"2017","OMNIHIST L.A.",1
"2018","OMNII GEL",2
"2019","OMNII MED",1
"2020","OMNIPRED",2
"2021","ONCASPAR",2
"2022","ONDANSETRON HCL",20
"2023","ONDANSETRON HCL IN DEXTROSE",2
"2024","ONDANSETRON ODT",4
"2025","ONFI",2
"2026","ONMEL",2
"2027","ONSOLIS",10
"2028","ONTAK",6
"2029","ONXOL",8
"2030","OPANA",12
"2031","OPANA ER",55
"2032","OPIUM",2
"2033","OPTIPRANOLOL",4
"2034","OPTIVAR",5
"2035","ORACEA",2
"2036","ORAMORPH SR",28
"2037","ORAP",8
"2038","ORAPRED",4
"2039","ORAPRED ODT",16
"2040","ORAVIG",2
"2041","ORBIVAN",2
"2042","ORBIVAN CF",2
"2043","ORFADIN",18
"2044","ORGAN-I NR",1
"2045","ORGANIDIN NR",2
"2046","ORPHENADRINE CITRATE",14
"2047","ORPHENADRINE COMPOUND FORTE",8
"2048","ORPHENGESIC",2
"2049","ORPHENGESIC FORTE",2
"2050","ORSYTHIA",2
"2051","ORTHO-CEPT",8
"2052","ORTHO-CYCLEN",6
"2053","ORTHO-EST",8
"2054","ORTHO-NOVUM",13
"2055","ORTHO EVRA",4
"2056","ORTHO TRI-CYCLEN",2
"2057","ORTHO TRI-CYCLEN LO",5
"2058","ORTHOCLONE OKT-3",4
"2059","ORUDIS",4
"2060","ORUVAIL",2
"2061","OSCION",3
"2062","OTICAINE",1
"2063","OTICIN HC",5
"2064","OTIMAR",4
"2065","OTIRX",2
"2066","OTOCAIN",2
"2067","OTOGESIC",6
"2068","OTOMAR-HC",2
"2069","OTOZONE",2
"2070","OTRA NR",2
"2071","OVACE",8
"2072","OVCON-35",8
"2073","OVCON-50",6
"2074","OVIDE",4
"2075","OXACILLIN SODIUM",6
"2076","OXANDRIN",8
"2077","OXANDROLONE",6
"2078","OXAPROZIN",2
"2079","OXAZEPAM",2
"2080","OXECTA",4
"2081","OXISTAT",12
"2082","OXSORALEN",4
"2083","OXSORALEN-ULTRA",4
"2084","OXYBUTYNIN CHLORIDE",2
"2085","OXYBUTYNIN CHLORIDE ER",6
"2086","OXYCODONE-ACETAMINOPHEN",9
"2087","OXYCODONE HCL",46
"2088","OXYCODONE HCL-ACETAMINOPHEN",9
"2089","OXYCODONE HCL-IBUPROFEN",4
"2090","OXYCONTIN",28
"2091","OXYFAST",2
"2092","OXYIR",2
"2093","OXYMORPHONE HCL",2
"2094","OXYTOCIN",2
"2095","OXYTROL",4
"2096","P-EPD HCL/GUAIFENESIN",1
"2097","P-EPD TAN/CHLOR-TAN",1
"2098","P-EPHED HCL/CHLOR-MAL/SCOP",2
"2099","PACERONE",7
"2100","PACLITAXEL",12
"2101","PALCAPS 10",2
"2102","PALCAPS 20",2
"2103","PALGIC",13
"2104","PALIPASE",2
"2105","PALIPASE MT 16",2
"2106","PALIPASE MT 20",2
"2107","PALPEON DR 10",2
"2108","PALPEON DR 20",2
"2109","PALPEON MT 20",2
"2110","PALTRASE V8",2
"2111","PAMELOR",6
"2112","PAMIDRONATE DISODIUM",8
"2113","PAMINE",4
"2114","PAMINE FORTE",6
"2115","PANAFIL",5
"2116","PANCREASE",2
"2117","PANCREASE MT-10",3
"2118","PANCREASE MT-16",3
"2119","PANCREASE MT-20",3
"2120","PANCREASE MT-4",3
"2121","PANCREAZE",4
"2122","PANCRECARB MS-16",3
"2123","PANCRECARB MS-4",3
"2124","PANCRECARB MS-8",4
"2125","PANCRELIPASE",5
"2126","PANCRELIPASE 8,000",3
"2127","PANCRELIPASE MT-16",3
"2128","PANCRON 10",3
"2129","PANCRON 20",3
"2130","PANDEL",7
"2131","PANFIL G",4
"2132","PANGESTYME CN 10",2
"2133","PANGESTYME CN 20",2
"2134","PANGESTYME EC",2
"2135","PANGESTYME MT 16",2
"2136","PANGESTYME UL 12",2
"2137","PANGESTYME UL 18",2
"2138","PANGESTYME UL 20",2
"2139","PANGLOBULIN",4
"2140","PANGLOBULIN NF",4
"2141","PANIXINE",6
"2142","PANLOR DC",4
"2143","PANLOR SS",4
"2144","PANOCAPS",2
"2145","PANOCAPS MT 16",2
"2146","PANOCAPS MT 20",2
"2147","PANOKASE",2
"2148","PANOKASE-16",2
"2149","PANOXYL 10",1
"2150","PANOXYL 5",1
"2151","PANOXYL AQ 10",1
"2152","PANOXYL AQ 2.5",2
"2153","PANOXYL AQ 5",1
"2154","PANRETIN",2
"2155","PANTOPRAZOLE SODIUM",8
"2156","PAP-UREA",1
"2157","PAPAIN-UREA-CHLOROPHYLLIN",2
"2158","PAPAVERINE HCL",8
"2159","PARA-TIME",2
"2160","PARAFON FORTE DSC",6
"2161","PARAPLATIN",14
"2162","PARCAINE",3
"2163","PARCOPA",16
"2164","PAREGORIC",2
"2165","PARLODEL",10
"2166","PARNATE",5
"2167","PAROXETINE HCL",14
"2168","PATADAY",6
"2169","PATANOL",6
"2170","PAXIL",20
"2171","PAXIL CR",15
"2172","PCE",12
"2173","PCM",1
"2174","PCM ALLERGY",1
"2175","PCM LA",1
"2176","PEDI-DRI",2
"2177","PEDIAPRED",4
"2178","PEDIARIX",2
"2179","PEDIAZOLE",2
"2180","PEDIOTIC",4
"2181","PEG 3350-ELECTROLYTE",3
"2182","PEGANONE",3
"2183","PEGASYS",4
"2184","PEGASYS PROCLICK",2
"2185","PEGINTRON",16
"2186","PEGINTRON REDIPEN",30
"2187","PEN NEEDLE",3
"2188","PENDEX",1
"2189","PENICILLIN G PROCAINE",2
"2190","PENICILLIN V POTASSIUM",4
"2191","PENLAC",4
"2192","PENNSAID",2
"2193","PENTAMIDINE ISETHIONATE",2
"2194","PENTAZOCINE-ACETAMINOPHEN",6
"2195","PENTAZOCINE-NALOXONE HCL",4
"2196","PENTOPAK",3
"2197","PENTOSTATIN",4
"2198","PENTOXIFYLLINE",5
"2199","PENTOXIL",3
"2200","PEPCID",28
"2201","PERCOCET",12
"2202","PERCODAN",8
"2203","PERCOLONE",2
"2204","PERFECT CHOICE",1
"2205","PERGOLIDE MESYLATE",6
"2206","PERIDEX",2
"2207","PERIOSTAT",2
"2208","PERISOL",2
"2209","PERLOXX",8
"2210","PERMAX",6
"2211","PERMETHRIN",1
"2212","PERPHENAZINE",14
"2213","PERRY PRENATAL",2
"2214","PERSANTINE",12
"2215","PEXEVA",24
"2216","PHANASIN",1
"2217","PHARMAFLUR",2
"2218","PHENA-PLUS",1
"2219","PHENA-S",1
"2220","PHENABID",1
"2221","PHENADOZ",16
"2222","PHENATAN-S",1
"2223","PHENAVENT",1
"2224","PHENAVENT D",1
"2225","PHENAVENT LA",1
"2226","PHENAVENT PED",1
"2227","PHENAZOPYRIDINE HCL",2
"2228","PHENAZOPYRIDINE PLUS",2
"2229","PHENCLOR TANNATE PEDIATRIC",1
"2230","PHENERGAN",20
"2231","PHENOBARBITAL",2
"2232","PHENOPTIC",1
"2233","PHENYDEX",1
"2234","PHENYDRYL",1
"2235","PHENYL CHLOR-TAN",1
"2236","PHENYLEPHRINE-BROMPHENIRAMIN",2
"2237","PHENYLEPHRINE-GUAIFENESIN",5
"2238","PHENYLEPHRINE CM",1
"2239","PHENYLEPHRINE HCL",5
"2240","PHENYLEPHRINE/CHLOR-MAL/SCOP",1
"2241","PHENYLTOLOXAMINE PE CPM",1
"2242","PHENYTEK",5
"2243","PHENYTOIN",3
"2244","PHENYTOIN SODIUM",9
"2245","PHENYTOIN SODIUM EXTENDED",3
"2246","PHISOHEX",3
"2247","PHOS-FLUR",2
"2248","PHOSLO",6
"2249","PHOSPHOLINE IODIDE",3
"2250","PHOTOFRIN",4
"2251","PHRENILIN-CAFFEINE-CODEINE",1
"2252","PHRENILIN FORTE",2
"2253","PHRENILIN W/CAFFEINE & CODEINE",2
"2254","PHYSIOSOL",2
"2255","PHYSOSTIGMINE SALICYLATE",2
"2256","PICATO",4
"2257","PILOCAR",6
"2258","PILOCARPINE HCL",6
"2259","PILOPINE HS",4
"2260","PILOPTIC-1",1
"2261","PILOPTIC-2",2
"2262","PILOPTIC-3",2
"2263","PILOPTIC-4",2
"2264","PILOPTIC-6",2
"2265","PINDOLOL",2
"2266","PIPERACILLIN",12
"2267","PIPERACILLIN-TAZOBACTAM",2
"2268","PIPRACIL IN DEXTROSE",4
"2269","PIROXICAM",4
"2270","PITOCIN",2
"2271","PLAN B",6
"2272","PLAQUENIL",6
"2273","PLARETASE 8000",2
"2274","PLASMA-LYTE 148 IN DEXTROSE",6
"2275","PLASMA-LYTE 56",4
"2276","PLASMA-LYTE 56 IN DEXTROSE",6
"2277","PLASMA-LYTE M IN DEXTROSE",2
"2278","PLASMA-LYTE R",4
"2279","PLASMA-LYTE R IN DEXTROSE",2
"2280","PLATINOL-AQ",2
"2281","PLAVIX",10
"2282","PLENAXIS",2
"2283","PLENDIL",6
"2284","PLETAL",8
"2285","PLEXION",4
"2286","PLEXION SCT",2
"2287","PLEXION TS",2
"2288","PODODERM",2
"2289","POLY-DEX",6
"2290","POLY-HISTINE",1
"2291","POLY-PRED",3
"2292","POLY-VENT",2
"2293","POLY-VI-FLOR",3
"2294","POLY-VI-FLOR W/IRON",1
"2295","POLY-VITAMIN WITH FLUORIDE",1
"2296","POLY-VITAMINS W/FLUORIDE",3
"2297","POLY HIST FORTE",1
"2298","POLY IRON PN",1
"2299","POLY IRON PN FORTE",1
"2300","POLYCIN-B",3
"2301","POLYCITRA",2
"2302","POLYCITRA-K",3
"2303","POLYCITRA-LC",2
"2304","POLYETHYLENE GLYCOL",3
"2305","POLYETHYLENE GLYCOL 3350",9
"2306","POLYGAM S-D",10
"2307","POLYMYXIN B SUL-TRIMETHOPRIM",1
"2308","POLYMYXIN B SULFATE",4
"2309","POLYSPORIN",2
"2310","POLYVITAMIN WITH FLUORIDE-IRON",1
"2311","POLYVITAMIN WITH IRON-FLUORIDE",4
"2312","POLYVITAMINS-FLUORIDE",4
"2313","PONSTEL",6
"2314","POTASSIUM ACETATE",4
"2315","POTASSIUM BICARBONATE",5
"2316","POTASSIUM CHL-NORMAL SALINE",8
"2317","POTASSIUM CHLORIDE",38
"2318","POTASSIUM CHLORIDE IN D5LR",8
"2319","POTASSIUM CITRATE",4
"2320","POTASSIUM CITRATE-CITRIC ACID",1
"2321","POTASSIUM PHOSPHATE",2
"2322","POTIGA",8
"2323","PRADAXA",2
"2324","PRAMIPEXOLE DIHYDROCHLORIDE",2
"2325","PRANDIMET",12
"2326","PRANDIN",24
"2327","PRASCION",1
"2328","PRASCION AV",2
"2329","PRASCION RA",1
"2330","PRAVACHOL",24
"2331","PRAVASTATIN SODIUM",6
"2332","PRAZOSIN HCL",2
"2333","PRECARE",4
"2334","PRECARE CONCEIVE",2
"2335","PRECARE PREMIER",1
"2336","PRECARE PRENATAL",2
"2337","PRECOSE",12
"2338","PRED-G",4
"2339","PREDNICARBATE",3
"2340","PREDNISOL",2
"2341","PREDNISOLONE",12
"2342","PREDNISOLONE ACETATE",2
"2343","PREDNISOLONE SODIUM PHOSPHATE",4
"2344","PREDNISONE",8
"2345","PREFEST",2
"2346","PREHIST D",1
"2347","PRELONE",6
"2348","PREMARIN",8
"2349","PREMASOL",4
"2350","PREMESIS RX",2
"2351","PREMPHASE",8
"2352","PREMPRO",24
"2353","PRENA-CAP",2
"2354","PRENAFIRST",2
"2355","PRENATABS CBF",2
"2356","PRENATABS FA",2
"2357","PRENATABS OBN",4
"2358","PRENATABS RX",2
"2359","PRENATAL",4
"2360","PRENATAL-FOLIC ACID",2
"2361","PRENATAL-H",2
"2362","PRENATAL-U",2
"2363","PRENATAL 1-1",2
"2364","PRENATAL 1 + IRON",1
"2365","PRENATAL 1+1",2
"2366","PRENATAL 19",4
"2367","PRENATAL AD",2
"2368","PRENATAL ADVANTAGE",2
"2369","PRENATAL FORMULA",2
"2370","PRENATAL FORMULA 3",2
"2371","PRENATAL LOW IRON",2
"2372","PRENATAL MR 90 FE",2
"2373","PRENATAL MTR",2
"2374","PRENATAL PLUS",10
"2375","PRENATAL RX",4
"2376","PRENATAL RX 1",4
"2377","PRENATAL S",2
"2378","PRENATAL START",2
"2379","PRENATAL VITAMINS",4
"2380","PRENATAL Z",4
"2381","PRENATE ELITE",2
"2382","PRENATE GT",2
"2383","PREPOPIK",1
"2384","PREVACID",22
"2385","PREVACID IV",2
"2386","PREVACID NAPRAPAC",6
"2387","PREVIDENT",2
"2388","PREVIFEM",3
"2389","PREVPAC",4
"2390","PREZISTA",4
"2391","PRIALT",6
"2392","PRILOSEC",2
"2393","PRIMACARE",3
"2394","PRIMACARE ONE",1
"2395","PRIMAXIN",10
"2396","PRIMAXIN I.M.",8
"2397","PRIMIDONE",9
"2398","PRIMSOL",3
"2399","PRINIVIL",22
"2400","PRINZIDE",16
"2401","PRO-BANTHINE",2
"2402","PRO-OTIC",2
"2403","PRO-TANNATE",1
"2404","PROAMATINE",12
"2405","PROCAINAMIDE HCL",8
"2406","PROCANBID",4
"2407","PROCARDIA",4
"2408","PROCENTRA",2
"2409","PROCHIEVE",8
"2410","PROCHLORPERAZINE EDISYLATE",2
"2411","PROCHLORPERAZINE MALEATE",8
"2412","PROCTOCARE-HC",2
"2413","PROCTOCREAM-HC",6
"2414","PROCTOFOAM-HC",2
"2415","PROFASI",6
"2416","PROFEN FORTE",1
"2417","PROFEN II",1
"2418","PROGESTERONE",4
"2419","PROLASTIN",8
"2420","PROLEUKIN",8
"2421","PROLEX D",1
"2422","PROLEX PD",1
"2423","PROLOPRIM",2
"2424","PROMACTA",6
"2425","PROMETHAZINE HCL",26
"2426","PROMETHAZINE VC",14
"2427","PROMETRIUM",8
"2428","PRONESTYL",8
"2429","PRONESTYL-SR",2
"2430","PROPAFENONE HCL",7
"2431","PROPANTHELINE BROMIDE",6
"2432","PROPARACAINE HCL",2
"2433","PROPINE",4
"2434","PROPOXYPHENE HCL",8
"2435","PROPOXYPHENE HCL-ACETAMINOPHEN",8
"2436","PROPOXYPHENE HCL COMPOUND",4
"2437","PROPOXYPHENE NAP-ACETAMINOPHEN",18
"2438","PROPRANOLOL HCL",31
"2439","PROQUAD",5
"2440","PROQUIN XR",5
"2441","PROSED EC",2
"2442","PROSED/DS",2
"2443","PROSET D",1
"2444","PROSTIGMIN",6
"2445","PROTOPIC",12
"2446","PROVENTIL",8
"2447","PROZAC",8
"2448","PROZAC WEEKLY",4
"2449","PRUDOXIN",4
"2450","PSE 120-MSC 2.5",1
"2451","PSE 15/CPM 2",1
"2452","PSE 90-CPM 8-MSC 2.5",1
"2453","PSE BPM",1
"2454","PSE CPM",1
"2455","PSEUBROM",1
"2456","PSEUBROM-PD",1
"2457","PSEUDATEX",1
"2458","PSEUDO-CHLOR",2
"2459","PSEUDO CM",1
"2460","PSEUDO GG TR",1
"2461","PSEUDO MAX",1
"2462","PSEUDOEPHEDRINE-CHLORPHENIRAMI",3
"2463","PSEUDOEPHEDRINE-GUAIFENESIN",6
"2464","PSEUDOEPHEDRINE GG",1
"2465","PSEUDOEPHEDRINE HCL",2
"2466","PSEUDOEPHEDRINE W/GUAIFENESIN",3
"2467","PSEUDOVENT",1
"2468","PSEUDOVENT 400",1
"2469","PSEUDOVENT PED",1
"2470","PSORCON E",6
"2471","PSORIATEC",2
"2472","PULMICORT",2
"2473","PURINETHOL",4
"2474","PYLERA",5
"2475","PYRIDIUM",4
"2476","PYRIDIUM PLUS",2
"2477","PYRIDOSTIGMINE BROMIDE",2
"2478","PYRILAFEN TANNATE-12",1
"2479","QDALL",1
"2480","QDALL AR",1
"2481","QUADRAMET",4
"2482","QUALAQUIN",6
"2483","QUASENSE",3
"2484","QUESTRAN",6
"2485","QUESTRAN LIGHT",6
"2486","QUIBRON",2
"2487","QUIBRON-300",2
"2488","QUIBRON-T",2
"2489","QUIBRON-T/SR",2
"2490","QUICK-K",2
"2491","QUICK MIX W/LYTES",8
"2492","QUICK MIX WITH LYTES",6
"2493","QUILLIVANT XR",2
"2494","QUINAPRIL",1
"2495","QUINAPRIL HCL",2
"2496","QUINARETIC",10
"2497","QUINERVA",2
"2498","QUINIDINE GLUCONATE",9
"2499","QUINIDINE SULFATE",11
"2500","QUININE SULFATE",4
"2501","QUINTEX",1
"2502","QUIXIN",3
"2503","QV-ALLERGY",1
"2504","QVAR",8
"2505","R-TANNA",1
"2506","R-TANNA PEDIATRIC",1
"2507","R-TANNA S",1
"2508","R-TANNAMINE",1
"2509","RABAVERT",2
"2510","RAMIPRIL",9
"2511","RANEXA",8
"2512","RANICLOR",16
"2513","RANITIDINE HCL",32
"2514","RAPAFLO",2
"2515","RAPAMUNE",2
"2516","RAPIFLUX",4
"2517","RAPTIVA",4
"2518","RAVICTI",2
"2519","RAZADYNE",10
"2520","RE2+30",1
"2521","REBETOL",12
"2522","REBETRON 1000",2
"2523","RECLIPSEN",3
"2524","RECTAGEL HC",2
"2525","RECTIV",1
"2526","RED CELL WASHING SOLUTION",2
"2527","REGENECARE",2
"2528","REGLAN",16
"2529","REGRANEX",4
"2530","RELAFEN",4
"2531","RELAGESIC",2
"2532","RELERA",1
"2533","RELISTOR",6
"2534","REMERON",12
"2535","RENAGEL",4
"2536","RENAMIN",6
"2537","REPREXAIN",18
"2538","REQUIP",28
"2539","REQUIP XL",12
"2540","RESCON-ED",1
"2541","RESCON-JR",1
"2542","RESCON-MX",1
"2543","RESCRIPTOR",9
"2544","RESPA-1ST",1
"2545","RESPA-PE",1
"2546","RESPAHIST",1
"2547","RESPAIRE-120",1
"2548","RESPAIRE-60",1
"2549","RETIN-A",24
"2550","RETIN-A MICRO",4
"2551","RETROVIR",10
"2552","REVEX",4
"2553","REYATAZ",4
"2554","RHEUMATREX",12
"2555","RHINABID",1
"2556","RHINABID PD",1
"2557","RHINACON A",2
"2558","RHINOFLEX",2
"2559","RHINOFLEX-650",2
"2560","RIBAPAK",22
"2561","RIBASPHERE",16
"2562","RIBATAB",6
"2563","RIBAVIRIN",12
"2564","RICOBID",2
"2565","RICOBID-D",2
"2566","RICOBID-H",2
"2567","RICOBID NR",1
"2568","RID-A-PAIN W/CODEINE",1
"2569","RIDAURA",4
"2570","RIFADIN",9
"2571","RIFAMATE",4
"2572","RIFATER",3
"2573","RILUTEK",4
"2574","RIMACTANE",2
"2575","RINGERS IRRIGATION",6
"2576","RISPERDAL M-TAB",20
"2577","RISPERIDONE",31
"2578","RITALIN-SR",6
"2579","RIVASTIGMINE",8
"2580","RMS-SUPPOSITORY",8
"2581","ROBAXIN",8
"2582","ROBAXIN-750",4
"2583","ROBINUL",8
"2584","ROBINUL FORTE",4
"2585","ROCALTROL",12
"2586","ROCEPHIN",20
"2587","ROCEPHIN/ISO-OSMOTIC DEXTROSE",8
"2588","ROFERON-A",12
"2589","ROMYCIN",4
"2590","RONDEC",3
"2591","RONDEX",2
"2592","ROSAC",1
"2593","ROSADERM",2
"2594","ROSULA",3
"2595","ROSULA NS",2
"2596","ROWASA",6
"2597","ROXANOL",4
"2598","ROXICET",13
"2599","ROXICODONE",28
"2600","ROXICODONE INTENSOL",4
"2601","ROZEX",2
"2602","RU-HIST FORTE",1
"2603","RU-TUSS JR.",1
"2604","RUM-K",2
"2605","RY-T-12",1
"2606","RYNA-12",1
"2607","RYNA-12 S",1
"2608","RYNA-12X",2
"2609","RYNATAN",1
"2610","RYNATAN PEDIATRIC",2
"2611","RYNEZE",1
"2612","RYTHMOL",20
"2613","RYTHMOL SR",14
"2614","RYZOLT",9
"2615","SAFETYGLIDE INSULIN SYRINGE",2
"2616","SAIZEN",6
"2617","SAL-TROPINE",2
"2618","SALAGEN",10
"2619","SALEX",6
"2620","SALFLEX",2
"2621","SALSALATE",2
"2622","SANCTURA",5
"2623","SANCTURA XR",5
"2624","SANDOSTATIN",8
"2625","SANDOSTATIN LAR",18
"2626","SANTYL",7
"2627","SARAFEM",14
"2628","SB CLOTRIMAZOLE",1
"2629","SCALP TREATMENT",2
"2630","SCOPACE",2
"2631","SCOPOLAMINE HYDROBROMIDE",2
"2632","SEASONALE",4
"2633","SEB-PREV",4
"2634","SEBA-GEL",2
"2635","SECONAL SODIUM",2
"2636","SECTRAL",16
"2637","SELECT-OB",2
"2638","SELEGILINE HCL",2
"2639","SELENIUM SULFIDE",2
"2640","SELFEMRA",6
"2641","SELSEB",2
"2642","SELSUN RX",4
"2643","SELZENTRY",3
"2644","SEMPREX-D",4
"2645","SENATEC",2
"2646","SENATEC HC",2
"2647","SEPTRA",6
"2648","SEPTRA DS",4
"2649","SEROMYCIN",2
"2650","SERTRALINE HCL",8
"2651","SFROWASA",2
"2652","SHOHL'S MODIFIED",2
"2653","SIL-TEX",1
"2654","SILDEC",1
"2655","SILVER NITRATE",2
"2656","SILVER SULFADIAZINE",2
"2657","SIMCOR",18
"2658","SIMETHICONE",2
"2659","SIMETYL",4
"2660","SIMUC",1
"2661","SIMVASTATIN",11
"2662","SINA-12X",2
"2663","SINEMET 10-100",6
"2664","SINEMET 25-100",6
"2665","SINEMET 25-250",6
"2666","SINEMET CR",12
"2667","SINGULAIR",16
"2668","SINUVENT PE",1
"2669","SITREX",1
"2670","SKELID",6
"2671","SKLICE",2
"2672","SLO-BID 300",2
"2673","SODIUM ACETATE",2
"2674","SODIUM BICARBONATE",18
"2675","SODIUM CHLORIDE",18
"2676","SODIUM EDECRIN",2
"2677","SODIUM FLUORIDE",15
"2678","SODIUM LACTATE",8
"2679","SODIUM POLYSTYRENE SULFONATE",12
"2680","SODIUM SULFACETAMIDE-SULFUR",3
"2681","SOLIA",3
"2682","SOLODYN",18
"2683","SOLTAMOX",4
"2684","SOLU-CORTEF",16
"2685","SOLU-MEDROL",18
"2686","SOLUREX LA",2
"2687","SOLUVITE-F",1
"2688","SOMA COMPOUND",2
"2689","SOMA COMPOUND WITH CODEINE",2
"2690","SOMATULINE DEPOT",4
"2691","SOMAVERT",12
"2692","SOMNOTE",2
"2693","SONATA",8
"2694","SORIATANE",10
"2695","SORIATANE CK",8
"2696","SORILUX",2
"2697","SOTALOL",3
"2698","SOTALOL AF",6
"2699","SOTALOL HCL",4
"2700","SOTRET",20
"2701","SPACOL T-S",2
"2702","SPASDEL",6
"2703","SPECIALTY USE NEEDLES",1
"2704","SPECTAZOLE",2
"2705","SPECTRACEF",11
"2706","SPINOSAD",1
"2707","SPIRONOLACTONE",6
"2708","SPIRONOLACTONE-HCTZ",1
"2709","SPORANOX",2
"2710","SRONYX",2
"2711","SSD",2
"2712","SSD AF",1
"2713","STADOL",6
"2714","STAFLEX",4
"2715","STAGESIC",4
"2716","STAGESIC-10",2
"2717","STALEVO 100",3
"2718","STALEVO 125",2
"2719","STALEVO 150",3
"2720","STALEVO 200",3
"2721","STALEVO 50",3
"2722","STALEVO 75",2
"2723","STAMOIST E",1
"2724","STANNOUS FLUORIDE",2
"2725","STARLIX",8
"2726","STAVUDINE",3
"2727","STAVZOR",18
"2728","STERAPRED",8
"2729","STERAPRED DS",6
"2730","STIMATE",3
"2731","STRIANT",8
"2732","STROMECTOL",2
"2733","STRONGSTART",4
"2734","STUARTNATAL PLUS 3",2
"2735","SUBOXONE",12
"2736","SUBSYS",11
"2737","SUBUTEX",8
"2738","SUCLEAR",1
"2739","SUCLOR",1
"2740","SUCRAID",4
"2741","SUCRALFATE",3
"2742","SUDAL-12",2
"2743","SUDATEX",1
"2744","SULAR",20
"2745","SULF-10",2
"2746","SULFAC",2
"2747","SULFACET-R",2
"2748","SULFACETAMIDE-PREDNISOLONE",5
"2749","SULFACETAMIDE SODIUM",9
"2750","SULFAMETHOXAZOLE-TRIMETHOPRIM",6
"2751","SULFAMETHOXAZOLE/TRIMETHOPRIM",1
"2752","SULFAMYLON",4
"2753","SULFASALAZINE DR",1
"2754","SULFATOL",3
"2755","SULFATRIM",2
"2756","SULFAZINE",2
"2757","SULFAZINE EC",2
"2758","SULFISOXAZOLE",1
"2759","SULFOXYL REGULAR",2
"2760","SULFOXYL STRONG",2
"2761","SUMATRIPTAN SUCCINATE",16
"2762","SUMAVEL DOSEPRO",2
"2763","SUMYCIN",4
"2764","SUMYCIN 250",2
"2765","SUMYCIN 500",2
"2766","SUPHERA",2
"2767","SUPRAX",10
"2768","SURMONTIL",18
"2769","SUSTIVA",1
"2770","SYLATRON",6
"2771","SYMBYAX",4
"2772","SYMLIN",6
"2773","SYMLINPEN 120",4
"2774","SYMLINPEN 60",6
"2775","SYMMETREL",2
"2776","SYNAGIS",4
"2777","SYNALAR",6
"2778","SYNALGOS-DC",6
"2779","SYNERA",6
"2780","SYPRINE",6
"2781","TABLOID",4
"2782","TACLONEX",4
"2783","TACLONEX SCALP",4
"2784","TAGAMET",6
"2785","TALACEN",4
"2786","TALADINE",4
"2787","TALWIN",6
"2788","TALWIN NX",4
"2789","TAMBOCOR",20
"2790","TAMIFLU",4
"2791","TAMOXIFEN CITRATE",6
"2792","TANA PSE",1
"2793","TANA R-12",1
"2794","TANACOF XR",2
"2795","TANAFED DP",2
"2796","TANAMIN",1
"2797","TANATAN RF",1
"2798","TANAVAN",1
"2799","TANNATE",1
"2800","TANORAL",1
"2801","TAPAZOLE",8
"2802","TARGRETIN",14
"2803","TARKA",20
"2804","TASMAR",6
"2805","TAXOL",2
"2806","TAXOTERE",8
"2807","TAZICEF",4
"2808","TAZICEF IN DEXTROSE",4
"2809","TBC",1
"2810","TE ANATOXAL BERNA",2
"2811","TEGRETOL",8
"2812","TEGRETOL XR",3
"2813","TEKAMLO",8
"2814","TEKTURNA",8
"2815","TEKTURNA HCT",18
"2816","TEMOVATE",20
"2817","TEMOVATE EMOLLIENT",2
"2818","TENCON",2
"2819","TENEX",12
"2820","TENORETIC 100",4
"2821","TENORETIC 50",4
"2822","TENORMIN",14
"2823","TERAZOL 3",9
"2824","TERAZOL 7",4
"2825","TERAZOSIN HCL",2
"2826","TERBINAFINE HCL",2
"2827","TERBUTALINE SULFATE",2
"2828","TERNAMAR",1
"2829","TESLAC",2
"2830","TESTOPEL",2
"2831","TESTOSTERONE",2
"2832","TESTOSTERONE CYPIONATE",14
"2833","TESTOSTERONE PROPIONATE",2
"2834","TESTRED",4
"2835","TETANUS-DIPHTERIA-DECAVAC",4
"2836","TETANUS DIPHTHERIA TOXOIDS",2
"2837","TETANUS TOXOID (FLUID)",2
"2838","TETANUS TOXOID ADSORBED",4
"2839","TETRA-MAG",2
"2840","TETRACYCLINE HCL",20
"2841","TEV-TROPIN",6
"2842","TEVETEN",12
"2843","TEVETEN HCT",12
"2844","TEXACORT",7
"2845","THALITONE",3
"2846","THEOCAP",6
"2847","THEOCHRON",20
"2848","THEOMAR GG",2
"2849","THEOPHYLLINE ANHYDROUS",45
"2850","THERA-FLUR-N",2
"2851","THERACYS",2
"2852","THERMAZENE",2
"2853","THIORIDAZINE HCL",2
"2854","THIOTEPA",6
"2855","THIOTHIXENE",3
"2856","THYROID",26
"2857","TICLID",4
"2858","TICLOPIDINE HCL",6
"2859","TIGAN",10
"2860","TILADE",2
"2861","TIME-HIST",1
"2862","TIMENTIN",12
"2863","TIMOLIDE",2
"2864","TIMOLOL MALEATE",6
"2865","TIMOPTIC",6
"2866","TIMOPTIC-XE",12
"2867","TIMOPTIC OCUDOSE",12
"2868","TINDAMAX",4
"2869","TIROSINT",10
"2870","TIS-U-SOL",2
"2871","TIZANIDINE HCL",4
"2872","TOBI",2
"2873","TOBRADEX",2
"2874","TOBRAMYCIN",4
"2875","TOBRAMYCIN SULFATE",10
"2876","TOBRAMYCIN SULFATE IN NS",8
"2877","TOBRASOL",3
"2878","TOBREX",4
"2879","TOFRANIL",20
"2880","TOFRANIL-PM",32
"2881","TOLAZAMIDE",4
"2882","TOLBUTAMIDE",3
"2883","TOLMETIN SODIUM",8
"2884","TOPAMAX",16
"2885","TOPOTECAN HCL",4
"2886","TOPROL XL",24
"2887","TORADOL",2
"2888","TORSEMIDE",15
"2889","TOURO ALLERGY",1
"2890","TOURO LA",1
"2891","TOURO LA-LD",1
"2892","TPN ELECTROLYTES",2
"2893","TPN ELECTROLYTES II",2
"2894","TRAC 2X",2
"2895","TRAMADOL HCL",7
"2896","TRAMADOL HCL-ACETAMINOPHEN",4
"2897","TRANDATE",12
"2898","TRANDOLAPRIL",9
"2899","TRANSDERM-SCOP",2
"2900","TRANXENE T-TAB",6
"2901","TRAVASOL",10
"2902","TRAVASOL W/DEXTROSE",2
"2903","TRAVASOL W/ELECTROLYTES",2
"2904","TRAVASOL WITH DEXTROSE",14
"2905","TRAVASOL WITH ELECTROLYTES",10
"2906","TRAVATAN",4
"2907","TRAVERT",4
"2908","TRAVERT-1/2 NS WITH KCL",2
"2909","TRAVERT-ELECTROLYTE NO.2",6
"2910","TRAVERT IN NORMAL SALINE",2
"2911","TRAVOPROST",1
"2912","TRAZODONE HCL",4
"2913","TRECATOR-SC",2
"2914","TRELLIUM PLUS",2
"2915","TRELSTAR",10
"2916","TRELSTAR DEPOT",6
"2917","TRELSTAR LA",6
"2918","TRENTAL",4
"2919","TRETIN-X",4
"2920","TRETINOIN",42
"2921","TREXALL",4
"2922","TREXIMET",8
"2923","TREZIX",2
"2924","TRI-A-VITE WITH FLUORIDE",1
"2925","TRI-HIST",1
"2926","TRI-HISTINE",1
"2927","TRI-LEVLEN 28",6
"2928","TRI-NORINYL",4
"2929","TRI-OTIC",2
"2930","TRI-PREVIFEM",6
"2931","TRI-VI-FLOR",1
"2932","TRI-VI-FLOR W/IRON",1
"2933","TRI-VIT WITH FLUORIDE-IRON",1
"2934","TRI-VIT/FL",2
"2935","TRI-VITA BETS WITH FLUORIDE",1
"2936","TRI-VITAMIN-FLUORIDE",1
"2937","TRI-VITAMIN WITH FLUORIDE",4
"2938","TRI-VITAMIN WITH IRON-FLUORIDE",1
"2939","TRI-VITAMINS WITH FLUORIDE",1
"2940","TRI TANN",1
"2941","TRIAMCINOLONE ACETONIDE",11
"2942","TRIAMTERENE-HCTZ",6
"2943","TRIAMTERENE-HYDROCHLOROTHIAZID",2
"2944","TRIAZ",16
"2945","TRICARE",1
"2946","TRICOR",8
"2947","TRICOSAL",3
"2948","TRIDESILON",2
"2949","TRIFLURIDINE",1
"2950","TRIGLIDE",12
"2951","TRIHEXYPHENIDYL HCL",7
"2952","TRIHIBIT",4
"2953","TRILEPTAL",4
"2954","TRILIPIX",8
"2955","TRILISATE",2
"2956","TRILYTE WITH FLAVOR PACKETS",6
"2957","TRIMETHOBENZAMIDE HCL",6
"2958","TRIMETHOPRIM",4
"2959","TRIMIPRAMINE MALEATE",13
"2960","TRIMOX 125",1
"2961","TRIMOX 250",1
"2962","TRINATE",2
"2963","TRINESSA",4
"2964","TRIOSTAT",2
"2965","TRIOTANN",1
"2966","TRIOTANN-S",1
"2967","TRIPEDIA",4
"2968","TRIPHASIL-28",2
"2969","TRIPLE ANTIBIOTIC",3
"2970","TRIPLE TANNATE SUSPENSION",1
"2971","TRISENOX",6
"2972","TRIVORA-28",4
"2973","TRIZIVIR",2
"2974","TROLAMINE",2
"2975","TRYCET",2
"2976","TUSSBID",1
"2977","TWINJECT",6
"2978","TWINRIX",2
"2979","TYGACIL",2
"2980","TYKERB",2
"2981","TYLENOL-CODEINE NO.3",6
"2982","TYLENOL-CODEINE NO.4",4
"2983","TYLOX",8
"2984","TYMPAGESIC",2
"2985","TYPHOID VACCINE",2
"2986","TYSABRI",4
"2987","TYZEKA",6
"2988","TYZINE",5
"2989","U-KERA E UREA EMOLLIENT",1
"2990","ULESFIA",3
"2991","ULTRA",1
"2992","ULTRA-NATAL",4
"2993","ULTRA NATALCARE",2
"2994","ULTRABROM",1
"2995","ULTRABROM PD",1
"2996","ULTRACAPS MT 20",2
"2997","ULTRACET",6
"2998","ULTRALYTIC 2",4
"2999","ULTRAM",4
"3000","ULTRAM ER",24
"3001","ULTRASE",3
"3002","ULTRASE MT 12",3
"3003","ULTRASE MT 18",3
"3004","ULTRASE MT 20",3
"3005","ULTRAVATE",8
"3006","ULTRESA",3
"3007","UMECTA",6
"3008","UNASYN",8
"3009","UNI-HIST",1
"3010","UNI-OTIC",2
"3011","UNI-TEX 120-10",1
"3012","UNIFINE PENTIPS",2
"3013","UNIPHYL",8
"3014","UNIRETIC",21
"3015","UNIVASC",10
"3016","UNIVERT",2
"3017","UREA",14
"3018","UREA-C40",4
"3019","UREA 40",4
"3020","UREALAC",6
"3021","URECHOLINE",32
"3022","URELIEF PLUS",3
"3023","URELLE",2
"3024","URETRON D-S",2
"3025","UREX",4
"3026","URIMAR-T",2
"3027","URIN D.S.",2
"3028","URINARY ANTISEPTIC F.C.",2
"3029","URISED",2
"3030","URISEPTIC",2
"3031","URISPAS",2
"3032","URISYM",2
"3033","URITACT-EC",2
"3034","URITACT DS",2
"3035","URO-KP-NEUTRAL",2
"3036","URO BLUE",2
"3037","UROGESIC-BLUE",2
"3038","UROQID-ACID NO.2",2
"3039","UROXATRAL",5
"3040","URSODIOL",10
"3041","USEPT",2
"3042","UTA",2
"3043","UTIRA",2
"3044","UTRONA",2
"3045","V-TANN",1
"3046","VAGIFEM",5
"3047","VAGISTAT-1",2
"3048","VAGISTAT-3",1
"3049","VALPROIC ACID",5
"3050","VALTURNA",8
"3051","VANACET",3
"3052","VANAMIDE",2
"3053","VANCOCIN HCL",8
"3054","VANCOMYCIN HCL",4
"3055","VANDETANIB",4
"3056","VANTAS",2
"3057","VANTIN",14
"3058","VAQTA",2
"3059","VASERETIC",2
"3060","VASOTEC",26
"3061","VAZOL",2
"3062","VAZOL-D",3
"3063","VECTIBIX",4
"3064","VEETIDS 125",3
"3065","VEETIDS 250",2
"3066","VEETIDS 500",2
"3067","VELOSEF",3
"3068","VELOSULIN HUMAN BR",2
"3069","VENLAFAXINE HCL",15
"3070","VENLAFAXINE HCL ER",24
"3071","VENOGLOBULIN-S",4
"3072","VENTAVIS",2
"3073","VENTOLIN",2
"3074","VERAMYST",6
"3075","VERAPAMIL ER",3
"3076","VERAPAMIL HCL",20
"3077","VERDESO",4
"3078","VERELAN",24
"3079","VERELAN PM",18
"3080","VERIPRED 20",3
"3081","VERMOX",2
"3082","VERSICLEAR",2
"3083","VERTIN-32",2
"3084","VESANOID",4
"3085","VESPRIN",2
"3086","VESTURA",2
"3087","VEXOL",3
"3088","VI-DAYLIN/F ADC PLUS IRON",1
"3089","VIADUR",2
"3090","VIBATIV",2
"3091","VIBRA-TABS",4
"3092","VICODIN",7
"3093","VICODIN ES",7
"3094","VICODIN HP",6
"3095","VICTRELIS",2
"3096","VIDAZA",2
"3097","VIDEX",3
"3098","VIDEX EC",8
"3099","VIGAMOX",4
"3100","VIIBRYD",2
"3101","VIMOVO",4
"3102","VIMPAT",8
"3103","VINATAL 600",1
"3104","VINATAL FORTE",2
"3105","VINATE-M",2
"3106","VINATE 90",2
"3107","VINATE ADVANCED",2
"3108","VINATE GOOD START",2
"3109","VINATE GT",2
"3110","VINATE II",2
"3111","VINATE ULTRA",2
"3112","VINBLASTINE SULFATE",4
"3113","VINORELBINE TARTRATE",6
"3114","VIOKASE",10
"3115","VIRACEPT",3
"3116","VIRAVAN-S",1
"3117","VISICOL",6
"3118","VISTARIL",2
"3119","VISTIDE",4
"3120","VITA-NUMONYL",1
"3121","VITA-NUMONYL EX",1
"3122","VITA-PREN",1
"3123","VITAFOL-OB",2
"3124","VITAFOL-PN",1
"3125","VITAMINS A,D,C & FLUORIDE",1
"3126","VIVACTIL",16
"3127","VIVAGLOBIN",6
"3128","VIVELLE",6
"3129","VIVITROL",2
"3130","VIVOTIF BERNA",4
"3131","VOLTAREN",22
"3132","VOLTAREN-XR",8
"3133","VOPAC",2
"3134","VOSOL HC",1
"3135","VOSPIRE ER",12
"3136","VUMON",4
"3137","VYNATAL-FA",2
"3138","WARFARIN SODIUM",13
"3139","WATER",12
"3140","WE ALLERGY",1
"3141","WE MIST II",1
"3142","WELLBID-D",1
"3143","WELLBID-D 1200",1
"3144","WELLBUTRIN",12
"3145","WELLBUTRIN XL",12
"3146","WESTCORT",8
"3147","WESTHROID",20
"3148","X-VIATE",4
"3149","XEDEC",1
"3150","XENADERM",1
"3151","XENICAL",4
"3152","XERESE",2
"3153","XIBROM",3
"3154","XIRAL",1
"3155","XODOL 10-300",5
"3156","XODOL 10/300",2
"3157","XODOL 5-300",6
"3158","XODOL 7.5-300",6
"3159","XOLEGEL",3
"3160","XOPENEX",12
"3161","XOPENEX CONCENTRATE",2
"3162","XPECT-PE",1
"3163","XYLOCAINE",20
"3164","XYLOCAINE IV FOR CARDIAC",2
"3165","XYLOCAINE VISCOUS",2
"3166","XYREM",2
"3167","XYZAL",14
"3168","YODOXIN",4
"3169","Z-CLINZ 10",2
"3170","Z-CLINZ 5",2
"3171","ZACLIR",4
"3172","ZADITOR",2
"3173","ZAMICET",3
"3174","ZANAFLEX",2
"3175","ZANTAC",30
"3176","ZANTAC 25",4
"3177","ZAROXOLYN",18
"3178","ZAZOLE",9
"3179","ZEBETA",12
"3180","ZEBUTAL",2
"3181","ZELNORM",4
"3182","ZEMPLAR",8
"3183","ZENAPAX",4
"3184","ZENCHENT",1
"3185","ZENCHENT FE",1
"3186","ZENPEP",10
"3187","ZEOSA",2
"3188","ZEPHREX",1
"3189","ZEPHREX-LA",1
"3190","ZERIT",10
"3191","ZERLOR",3
"3192","ZESTORETIC",18
"3193","ZESTRIL",34
"3194","ZETACET",6
"3195","ZEVALIN",4
"3196","ZIAGEN",5
"3197","ZIDOVUDINE",3
"3198","ZINACEF",30
"3199","ZINACEF IN ISO-OSMOTIC WATER",4
"3200","ZINACEF ISO-OSMOTIC DEXTROSE",4
"3201","ZINECARD",8
"3202","ZIOX",1
"3203","ZIOX 405",2
"3204","ZIPSOR",2
"3205","ZIRGAN",1
"3206","ZMAX",6
"3207","ZOCOR",6
"3208","ZODERM",24
"3209","ZOFRAN",10
"3210","ZOFRAN IN DEXTROSE",2
"3211","ZOFRAN ODT",14
"3212","ZOLADEX",4
"3213","ZOLEDRONIC ACID",2
"3214","ZOLENE HC",2
"3215","ZOLOFT",6
"3216","ZOLPIDEM TARTRATE",10
"3217","ZOLPIDEM TARTRATE ER",4
"3218","ZOLPIMIST",2
"3219","ZOMETA",6
"3220","ZOMIG",14
"3221","ZOMIG ZMT",18
"3222","ZONALON",6
"3223","ZONEGRAN",6
"3224","ZONISAMIDE",8
"3225","ZORPRIN",2
"3226","ZOSTAVAX",6
"3227","ZOSYN",30
"3228","ZOTANE HC",2
"3229","ZOTEX-GP",1
"3230","ZOTEX GPX",1
"3231","ZOTO-HC",2
"3232","ZOVIA 1-35E",3
"3233","ZOVIA 1-50E",3
"3234","ZOVIRAX",28
"3235","ZUPLENZ",4
"3236","ZYBAN",11
"3237","ZYCLARA",2
"3238","ZYDONE",12
"3239","ZYFLO",2
"3240","ZYFLO CR",6
"3241","ZYLOPRIM",10
"3242","ZYMAR",4
"3243","ZYMINE",2
"3244","ZYMINE-D",1
"3245","ZYRTEC",16
"3246","ZYRTEC-D",2
